blackgrass_position,pdb_position,residue,shannon_entropy,normalized_conservation,n_species_present,n_species_total
1639,1493,L,0.0,1.0,7,14
1640,1501,N,0.0,1.0,7,14
1641,1502,D,0.0,1.0,7,14
1642,1503,I,0.0,1.0,7,14
1643,1504,G,0.0,1.0,7,14
1644,1507,M,0.0,1.0,7,14
1645,1508,V,0.0,1.0,7,14
1646,1518,A,0.0,1.0,7,14
1647,1523,W,0.0,1.0,7,14
1648,1538,I,0.0,1.0,7,14
1649,1542,L,0.39124356362925566,0.9094747633372062,13,14
1650,1545,D,0.863120568566631,0.8002927051036175,7,14
1651,1564,M,0.0,1.0,7,14
1652,1572,S,0.0,1.0,13,14
1653,1573,T,0.0,1.0,7,14
1654,1574,P,0.0,1.0,7,14
1655,1575,E,0.0,1.0,13,14
1656,1576,F,0.5916727785823275,0.8630998097163513,7,14
1657,1577,P,0.0,1.0,7,14
1658,1578,S,0.9852281360342515,0.7720396743296748,7,14
1659,1579,G,0.0,1.0,7,14
1660,1580,R,0.0,1.0,7,14
1661,1581,Q,0.0,1.0,7,14
1662,1582,I,0.0,1.0,7,14
1663,1583,I,0.5916727785823275,0.8630998097163513,7,14
1664,1584,V,0.0,1.0,7,14
1665,1585,I,0.9852281360342515,0.7720396743296748,7,14
1666,1586,A,0.0,1.0,7,14
1667,1587,N,0.0,1.0,7,14
1668,1588,D,0.0,1.0,7,14
1669,1589,I,0.0,1.0,7,14
1670,1590,T,0.0,1.0,7,14
1671,1591,F,0.0,1.0,7,14
1672,1592,R,0.0,1.0,7,14
1673,1593,A,0.0,1.0,7,14
1674,1594,G,0.0,1.0,7,14
1675,1595,S,0.0,1.0,7,14
1676,1596,F,0.0,1.0,7,14
1677,1597,G,0.0,1.0,7,14
1678,1598,P,0.0,1.0,7,14
1679,1599,R,0.0,1.0,7,14
1680,1600,E,0.0,1.0,13,14
1681,1601,D,0.0,1.0,13,14
1682,1602,A,0.0,1.0,7,14
1683,1603,F,0.0,1.0,7,14
1684,1604,F,0.0,1.0,7,14
1685,1605,E,0.0,1.0,7,14
1686,1606,A,0.863120568566631,0.8002927051036175,7,14
1687,1607,V,0.0,1.0,8,14
1688,1608,T,0.0,1.0,7,14
1689,1609,N,0.0,1.0,7,14
1690,1610,L,0.0,1.0,7,14
1691,1611,A,0.0,1.0,7,14
1692,1612,C,0.0,1.0,7,14
1693,1613,E,0.0,1.0,7,14
1694,1614,K,0.5916727785823275,0.8630998097163513,7,14
1695,1615,K,0.0,1.0,7,14
1696,1616,L,0.0,1.0,7,14
1697,1617,P,0.0,1.0,8,14
1698,1618,L,0.0,1.0,7,14
1699,1619,I,0.0,1.0,7,14
1700,1620,Y,0.0,1.0,13,14
1701,1621,L,0.5916727785823275,0.8630998097163513,7,14
1702,1622,A,0.0,1.0,7,14
1703,1623,A,0.0,1.0,8,14
1704,1624,N,0.0,1.0,8,14
1705,1625,S,0.0,1.0,7,14
1706,1626,G,0.0,1.0,13,14
1707,1627,A,0.0,1.0,7,14
1708,1628,R,0.0,1.0,13,14
1709,1629,I,0.0,1.0,8,14
1710,1630,G,0.0,1.0,8,14
1711,1631,I,0.0,1.0,13,14
1712,1632,A,0.0,1.0,7,14
1713,1633,D,0.0,1.0,7,14
1714,1634,E,0.0,1.0,7,14
1715,1635,V,0.0,1.0,7,14
1716,1636,K,0.0,1.0,7,14
1717,1637,S,0.0,1.0,7,14
1718,1638,C,0.9852281360342515,0.7720396743296748,7,14
1719,1639,F,0.0,1.0,7,14
1720,1640,R,0.0,1.0,7,14
1721,1641,V,0.0,1.0,7,14
1722,1642,G,0.954434002924965,0.7791647658243053,8,14
1723,1643,W,0.0,1.0,7,14
1724,1644,T,1.4488156357251847,0.6647756270079863,7,14
1725,1645,D,0.0,1.0,7,14
1726,1646,D,0.863120568566631,0.8002927051036175,7,14
1727,1647,S,0.9852281360342515,0.7720396743296748,7,14
1728,1648,S,0.7793498372920851,0.8196754272210083,13,14
1729,1649,P,0.0,1.0,8,14
1730,1650,E,0.0,1.0,7,14
1731,1651,R,0.0,1.0,7,14
1732,1652,G,0.0,1.0,7,14
1733,1653,F,0.0,1.0,7,14
1734,1654,R,1.4488156357251847,0.6647756270079863,7,14
1735,1655,Y,0.0,1.0,7,14
1736,1656,I,0.9852281360342515,0.7720396743296748,7,14
1737,1657,Y,0.0,1.0,7,14
1738,1658,M,0.5916727785823275,0.8630998097163513,7,14
1739,1659,T,0.9852281360342515,0.7720396743296748,7,14
1740,1663,D,0.863120568566631,0.8002927051036175,7,14
1741,1664,E,0.0,1.0,7,14
1742,1667,D,0.0,1.0,7,14
1743,1668,H,0.863120568566631,0.8002927051036175,7,14
1744,1669,D,1.4488156357251847,0.6647756270079863,7,14
1745,1670,R,0.0,1.0,7,14
1746,1671,I,0.0,1.0,7,14
1747,1672,G,0.5916727785823275,0.8630998097163513,7,14
1748,1673,S,0.7732283485249176,0.821091806353833,13,14
1749,1674,S,0.0,1.0,13,14
1750,1675,V,0.0,1.0,13,14
1752,1676,A,0.0,1.0,13,14
1753,1677,H,0.0,1.0,13,14
1754,1678,K,0.0,1.0,13,14
1755,1679,M,1.198183947911799,0.722766339095462,13,14
1756,1680,Q,0.6193821946787638,0.8566884545322575,13,14
1757,1681,L,0.0,1.0,13,14
1758,1682,D,0.0,1.0,13,14
1759,1683,S,0.6193821946787638,0.8566884545322575,13,14
1760,1684,G,0.0,1.0,13,14
1761,1685,E,0.0,1.0,13,14
1762,1686,I,0.0,1.0,13,14
1763,1687,R,0.0,1.0,13,14
1764,1688,W,0.0,1.0,13,14
1765,1689,V,0.6193821946787638,0.8566884545322575,13,14
1766,1690,I,0.0,1.0,13,14
1767,1691,D,0.0,1.0,13,14
1768,1692,S,0.0,1.0,13,14
1769,1693,V,0.0,1.0,13,14
1770,1694,V,0.0,1.0,13,14
1771,1695,G,0.0,1.0,13,14
1772,1696,K,0.0,1.0,13,14
1773,1697,E,0.0,1.0,13,14
1774,1698,D,0.0,1.0,13,14
1775,1699,G,0.0,1.0,13,14
1776,1700,L,0.0,1.0,13,14
1777,1701,G,0.0,1.0,13,14
1778,1702,V,0.0,1.0,13,14
1779,1703,E,0.0,1.0,13,14
1780,1704,N,0.0,1.0,13,14
1781,1705,I,0.39124356362925566,0.9094747633372062,13,14
1782,1706,H,0.0,1.0,13,14
1783,1707,G,0.0,1.0,13,14
1784,1708,S,0.0,1.0,13,14
1785,1709,A,0.0,1.0,13,14
1786,1710,A,0.0,1.0,13,14
1787,1711,I,0.0,1.0,13,14
1788,1712,A,0.0,1.0,13,14
1789,1713,S,0.0,1.0,13,14
1790,1714,A,0.0,1.0,13,14
1791,1715,Y,0.0,1.0,13,14
1792,1716,S,0.0,1.0,13,14
1793,1717,R,0.0,1.0,13,14
1794,1718,A,0.0,1.0,13,14
1795,1719,Y,0.0,1.0,13,14
1796,1720,E,0.0,1.0,13,14
1797,1721,E,0.0,1.0,13,14
1798,1722,T,0.0,1.0,13,14
1799,1723,F,0.0,1.0,13,14
1800,1724,T,0.0,1.0,13,14
1801,1725,L,0.0,1.0,13,14
1802,1726,T,0.0,1.0,13,14
1803,1727,F,0.0,1.0,13,14
1804,1728,V,0.0,1.0,13,14
1805,1729,T,0.0,1.0,13,14
1806,1730,G,0.0,1.0,13,14
1807,1731,R,0.0,1.0,13,14
1808,1732,T,0.0,1.0,13,14
1809,1733,V,0.0,1.0,13,14
1810,1734,G,0.0,1.0,13,14
1811,1735,I,0.0,1.0,13,14
1812,1736,G,0.0,1.0,13,14
1813,1737,A,0.0,1.0,13,14
1814,1738,Y,0.0,1.0,13,14
1815,1739,L,0.0,1.0,13,14
1816,1740,A,0.0,1.0,13,14
1817,1741,R,0.0,1.0,13,14
1818,1742,L,0.0,1.0,14,14
1819,1743,G,0.0,1.0,13,14
1820,1744,I,0.0,1.0,13,14
1821,1745,R,0.0,1.0,13,14
1822,1746,C,0.0,1.0,13,14
1823,1747,I,0.0,1.0,13,14
1824,1748,Q,0.0,1.0,13,14
1825,1749,R,0.0,1.0,13,14
1826,1750,I,1.3520301017579528,0.6871696909170375,13,14
1827,1751,D,0.0,1.0,13,14
1828,1752,Q,0.0,1.0,13,14
1829,1753,P,0.0,1.0,14,14
1830,1754,I,0.0,1.0,13,14
1831,1755,I,0.0,1.0,14,14
1832,1756,L,0.0,1.0,13,14
1833,1757,T,0.0,1.0,14,14
1834,1758,G,0.0,1.0,13,14
1835,1759,F,0.8904916402194913,0.793959635452311,13,14
1836,1760,S,0.0,1.0,13,14
1837,1761,A,0.0,1.0,13,14
1838,1762,L,0.0,1.0,13,14
1839,1763,N,0.0,1.0,13,14
1840,1764,K,0.0,1.0,13,14
1841,1765,L,0.0,1.0,13,14
1842,1766,L,0.0,1.0,13,14
1843,1767,G,0.0,1.0,13,14
1844,1768,R,0.0,1.0,13,14
1845,1769,E,0.0,1.0,13,14
1846,1770,V,0.0,1.0,13,14
1847,1771,Y,0.0,1.0,13,14
1848,1772,S,0.0,1.0,13,14
1849,1773,S,0.0,1.0,13,14
1850,1774,H,0.0,1.0,13,14
1851,1775,M,0.0,1.0,13,14
1852,1776,Q,0.0,1.0,13,14
1853,1777,L,0.0,1.0,13,14
1854,1778,G,0.0,1.0,13,14
1855,1779,G,0.0,1.0,13,14
1856,1780,P,0.0,1.0,13,14
1857,1781,K,0.0,1.0,14,14
1858,1782,I,0.0,1.0,13,14
1859,1783,M,0.0,1.0,13,14
1860,1784,A,0.0,1.0,11,14
1861,1785,T,0.0,1.0,11,14
1862,1786,N,0.0,1.0,11,14
1863,1787,G,0.0,1.0,11,14
1864,1788,V,0.9456603046006401,0.7811948084653904,11,14
1865,1789,V,0.9456603046006401,0.7811948084653904,11,14
1866,1790,H,0.0,1.0,11,14
1867,1791,L,0.0,1.0,11,14
1868,1792,T,0.0,1.0,11,14
1869,1793,V,0.0,1.0,11,14
1870,1794,P,1.823067982273661,0.5781817877927529,11,14
1871,1795,D,0.0,1.0,11,14
1872,1796,D,0.4394969869215134,0.8983099724770022,11,14
1873,1797,L,0.0,1.0,11,14
1874,1798,E,1.0957952550009336,0.7464568519089414,11,14
1875,1799,G,0.0,1.0,11,14
1876,1800,V,0.0,1.0,11,14
1877,1801,S,0.0,1.0,11,14
1878,1802,N,1.0957952550009336,0.7464568519089414,11,14
1879,1803,I,0.0,1.0,11,14
1880,1804,L,0.0,1.0,11,14
1881,1805,R,0.0,1.0,11,14
1882,1806,W,0.0,1.0,11,14
1883,1807,L,0.0,1.0,11,14
1884,1808,S,0.0,1.0,11,14
1885,1809,Y,0.0,1.0,11,14
1886,1810,V,0.0,1.0,11,14
1887,1811,P,0.0,1.0,11,14
1888,1812,A,0.0,1.0,13,14
1889,1813,N,0.0,1.0,11,14
1890,1814,I,0.0,1.0,11,14
1891,1815,G,0.0,1.0,11,14
1892,1816,G,0.0,1.0,11,14
1893,1817,P,0.0,1.0,11,14
1894,1818,L,0.0,1.0,11,14
1895,1819,P,0.0,1.0,12,14
1896,1820,I,0.0,1.0,11,14
1897,1821,T,0.0,1.0,13,14
1898,1822,K,0.0,1.0,11,14
1899,1823,S,0.6840384356390417,0.8417284090292416,11,14
1900,1824,L,0.0,1.0,12,14
1901,1825,D,0.0,1.0,12,14
1902,1826,P,0.0,1.0,12,14
1903,1827,I,0.8112781244591328,0.8122879171870452,12,14
1904,1828,D,0.0,1.0,12,14
1905,1829,R,0.0,1.0,12,14
1906,1830,P,0.0,1.0,12,14
1907,1831,V,0.0,1.0,12,14
1908,1832,A,0.0,1.0,12,14
1909,1833,Y,0.0,1.0,12,14
1910,1834,I,0.0,1.0,12,14
1911,1835,P,0.0,1.0,12,14
1912,1836,E,0.0,1.0,12,14
1913,1837,N,0.0,1.0,14,14
1914,1840,T,0.0,1.0,12,14
1915,1841,C,0.0,1.0,12,14
1916,1842,D,0.0,1.0,12,14
1917,1843,P,0.0,1.0,12,14
1918,1844,R,0.0,1.0,12,14
1919,1845,A,0.0,1.0,12,14
1920,1846,A,0.0,1.0,12,14
1921,1847,I,0.0,1.0,12,14
1922,1848,S,0.8166890883150209,0.8110359380385977,12,14
1923,1849,G,0.0,1.0,12,14
1924,1850,I,0.6500224216483541,0.8495989735652243,12,14
1925,1851,D,0.0,1.0,12,14
1926,1852,D,0.0,1.0,12,14
1927,1853,S,0.0,1.0,12,14
1928,1854,Q,0.0,1.0,12,14
1929,1855,G,0.0,1.0,12,14
1931,1856,W,0.0,1.0,12,14
1932,1857,L,0.0,1.0,12,14
1933,1858,G,0.0,1.0,12,14
1934,1859,G,0.0,1.0,12,14
1935,1860,M,0.0,1.0,12,14
1936,1861,F,0.0,1.0,12,14
1937,1862,D,0.0,1.0,12,14
1938,1863,K,0.0,1.0,12,14
1939,1864,D,0.0,1.0,12,14
1940,1865,S,0.0,1.0,12,14
1941,1866,F,0.0,1.0,12,14
1942,1867,V,0.0,1.0,12,14
1943,1868,E,0.0,1.0,12,14
1944,1869,T,0.0,1.0,12,14
1945,1870,F,0.0,1.0,12,14
1946,1871,E,1.188721875540867,0.7249556564934365,12,14
1947,1872,G,0.0,1.0,12,14
1948,1873,W,0.0,1.0,12,14
1949,1874,A,0.0,1.0,12,14
1950,1875,K,0.0,1.0,12,14
1951,1876,T,0.41381685030363374,0.9042517966013457,12,14
1952,1877,V,0.0,1.0,12,14
1953,1878,V,0.0,1.0,12,14
1954,1879,T,0.0,1.0,12,14
1955,1880,G,0.0,1.0,12,14
1956,1881,R,0.0,1.0,12,14
1957,1882,A,0.0,1.0,12,14
1958,1883,K,0.0,1.0,12,14
1959,1884,L,0.0,1.0,12,14
1960,1885,G,0.0,1.0,12,14
1961,1886,G,0.0,1.0,12,14
1962,1887,I,0.0,1.0,12,14
1963,1888,P,0.0,1.0,12,14
1964,1889,V,0.0,1.0,12,14
1965,1890,G,0.0,1.0,14,14
1966,1891,V,0.0,1.0,12,14
1967,1892,I,0.0,1.0,14,14
1968,1893,A,0.0,1.0,12,14
1969,1894,V,0.0,1.0,12,14
1970,1895,E,0.0,1.0,12,14
1971,1896,T,0.0,1.0,12,14
1972,1897,Q,0.0,1.0,12,14
1973,1898,T,0.0,1.0,12,14
1974,1899,M,0.0,1.0,12,14
1975,1900,M,0.0,1.0,12,14
1976,1901,Q,0.0,1.0,12,14
1977,1902,L,0.41381685030363374,0.9042517966013457,12,14
1978,1903,V,0.8112781244591328,0.8122879171870452,12,14
1979,1904,P,0.0,1.0,12,14
1980,1905,A,0.0,1.0,12,14
1981,1906,D,0.0,1.0,12,14
1982,1907,P,0.0,1.0,12,14
1983,1908,G,0.0,1.0,12,14
1984,1909,Q,0.0,1.0,12,14
1985,1910,P,0.8112781244591328,0.8122879171870452,12,14
1986,1911,D,0.0,1.0,14,14
1987,1912,S,0.0,1.0,12,14
1988,1913,H,0.0,1.0,14,14
1989,1914,E,0.0,1.0,12,14
1990,1915,R,0.0,1.0,12,14
1991,1916,S,0.0,1.0,12,14
1992,1917,V,0.6500224216483541,0.8495989735652243,12,14
1993,1918,P,0.0,1.0,12,14
1994,1919,R,0.0,1.0,12,14
1995,1920,A,0.0,1.0,12,14
1996,1921,G,0.0,1.0,12,14
1997,1922,Q,0.0,1.0,12,14
1998,1923,V,0.0,1.0,12,14
1999,1924,W,0.0,1.0,12,14
2000,1925,F,0.0,1.0,12,14
2001,1926,P,0.0,1.0,12,14
2002,1927,D,0.0,1.0,12,14
2003,1928,S,0.0,1.0,12,14
2004,1929,A,0.0,1.0,12,14
2005,1930,T,0.0,1.0,12,14
2006,1931,K,0.0,1.0,12,14
2007,1932,T,0.0,1.0,12,14
2008,1933,A,0.0,1.0,12,14
2009,1934,Q,0.0,1.0,12,14
2010,1935,A,0.0,1.0,12,14
2011,1936,M,0.6500224216483541,0.8495989735652243,12,14
2012,1937,L,1.2806721295208872,0.7036803710279536,12,14
2013,1938,D,0.0,1.0,12,14
2014,1939,F,0.0,1.0,12,14
2015,1941,N,0.0,1.0,12,14
2016,1942,R,0.0,1.0,12,14
2017,1943,E,0.0,1.0,12,14
2018,1944,G,0.0,1.0,12,14
2019,1945,L,0.0,1.0,12,14
2020,1946,P,0.0,1.0,12,14
2021,1947,L,0.0,1.0,12,14
2022,1948,F,0.0,1.0,12,14
2023,1949,I,0.0,1.0,12,14
2024,1950,L,0.0,1.0,12,14
2025,1951,A,0.0,1.0,12,14
2026,1952,N,0.0,1.0,12,14
2027,1953,W,0.0,1.0,12,14
2028,1954,R,0.0,1.0,12,14
2029,1955,G,0.0,1.0,12,14
2030,1956,F,0.0,1.0,12,14
2031,1957,S,0.0,1.0,12,14
2032,1958,G,0.0,1.0,12,14
2033,1959,G,0.0,1.0,12,14
2034,1960,Q,0.0,1.0,12,14
2035,1961,R,0.0,1.0,12,14
2036,1962,D,0.0,1.0,12,14
2037,1963,L,0.0,1.0,12,14
2038,1964,F,0.0,1.0,12,14
2039,1965,E,0.6500224216483541,0.8495989735652243,12,14
2040,1966,G,0.0,1.0,12,14
2041,1967,I,0.6500224216483541,0.8495989735652243,12,14
2042,1968,L,0.0,1.0,12,14
2043,1969,Q,0.0,1.0,12,14
2044,1970,A,0.0,1.0,12,14
2045,1971,G,0.0,1.0,12,14
2046,1972,S,0.0,1.0,12,14
2047,1973,T,0.0,1.0,12,14
2048,1974,I,0.0,1.0,12,14
2049,1975,V,0.0,1.0,12,14
2050,1976,E,0.0,1.0,12,14
2051,1977,N,0.0,1.0,12,14
2052,1978,L,0.0,1.0,12,14
2053,1979,R,0.0,1.0,12,14
2054,1980,T,1.4591479170272448,0.6623849622224516,12,14
2055,1981,Y,0.0,1.0,12,14
2056,1982,N,0.0,1.0,12,14
2057,1983,Q,0.0,1.0,12,14
2058,1984,P,0.0,1.0,12,14
2059,1985,A,0.0,1.0,12,14
2060,1986,F,0.0,1.0,12,14
2061,1987,V,0.0,1.0,12,14
2062,1988,Y,0.0,1.0,12,14
2063,1989,I,0.0,1.0,12,14
2064,1990,P,0.0,1.0,12,14
2065,1991,K,0.6500224216483541,0.8495989735652243,12,14
2066,1992,A,0.0,1.0,12,14
2067,1993,A,0.6500224216483541,0.8495989735652243,12,14
2068,1994,E,0.0,1.0,12,14
2069,1995,L,0.0,1.0,13,14
2070,1996,R,0.0,1.0,12,14
2071,1997,G,0.0,1.0,12,14
2072,1998,G,0.0,1.0,12,14
2073,1999,A,0.0,1.0,12,14
2074,2000,W,0.0,1.0,12,14
2075,2001,V,0.0,1.0,12,14
2076,2002,V,0.0,1.0,12,14
2077,2003,I,0.6500224216483541,0.8495989735652243,12,14
2078,2004,D,0.0,1.0,12,14
2079,2005,S,0.0,1.0,12,14
2080,2006,K,0.0,1.0,12,14
2081,2007,I,0.0,1.0,12,14
2082,2008,N,0.0,1.0,12,14
2083,2009,P,0.0,1.0,12,14
2084,2010,D,0.0,1.0,12,14
2085,2011,R,0.0,1.0,12,14
2086,2012,I,0.0,1.0,12,14
2087,2013,E,0.0,1.0,12,14
2088,2014,C,0.41381685030363374,0.9042517966013457,12,14
2089,2015,Y,0.0,1.0,12,14
2090,2016,A,0.0,1.0,12,14
2091,2017,E,0.0,1.0,12,14
2092,2018,R,0.9182958340544896,0.7875263507644215,12,14
2093,2019,T,0.0,1.0,13,14
2094,2020,A,0.0,1.0,12,14
2095,2021,K,0.0,1.0,12,14
2096,2022,G,0.0,1.0,12,14
2097,2023,N,0.0,1.0,12,14
2098,2024,V,0.0,1.0,13,14
2099,2025,L,0.0,1.0,12,14
2100,2026,E,0.0,1.0,12,14
2101,2027,P,0.0,1.0,12,14
2102,2028,Q,0.0,1.0,12,14
2103,2029,G,0.0,1.0,12,14
2104,2030,L,0.0,1.0,12,14
2105,2031,I,0.0,1.0,12,14
2106,2032,E,0.0,1.0,12,14
2107,2033,I,0.0,1.0,12,14
2108,2034,K,0.0,1.0,12,14
2109,2035,F,0.0,1.0,12,14
2110,2036,R,0.0,1.0,12,14
2111,2037,S,0.0,1.0,12,14
2112,2038,E,0.0,1.0,12,14
2113,2039,E,0.0,1.0,12,14
2114,2040,L,0.0,1.0,12,14
2115,2041,K,0.41381685030363374,0.9042517966013457,12,14
2116,2042,E,0.6500224216483541,0.8495989735652243,12,14
2117,2043,C,0.0,1.0,12,14
2118,2044,M,0.0,1.0,12,14
2119,2045,G,0.0,1.0,12,14
2120,2046,R,0.0,1.0,12,14
2121,2047,L,0.0,1.0,12,14
2122,2048,D,0.0,1.0,12,14
2123,2049,P,0.0,1.0,13,14
2124,2050,E,0.0,1.0,12,14
2125,2051,L,0.0,1.0,12,14
2126,2052,I,0.0,1.0,12,14
2127,2053,D,0.41381685030363374,0.9042517966013457,12,14
2128,2054,L,0.0,1.0,12,14
2131,2055,R,1.188721875540867,0.7249556564934365,12,14
2132,2056,L,0.0,1.0,12,14
2133,2057,Q,0.0,1.0,12,14
2134,2058,G,0.41381685030363374,0.9042517966013457,12,14
2135,2059,A,0.8166890883150209,0.8110359380385977,12,14
2136,2060,N,0.0,1.0,12,14
2137,2061,G,0.0,1.0,12,14
2138,2062,S,0.0,1.0,12,14
2139,2063,L,0.0,1.0,12,14
2140,2064,S,1.0408520829727552,0.7591695048781505,12,14
2141,2065,D,0.39124356362925566,0.9094747633372062,13,14
2142,2066,G,1.207518749639422,0.720606469351524,12,14
2143,2067,E,0.0,1.0,12,14
2144,2068,S,0.41381685030363374,0.9042517966013457,12,14
2145,2069,L,0.8112781244591328,0.8122879171870452,12,14
2146,2070,Q,0.41381685030363374,0.9042517966013457,12,14
2147,2071,K,0.0,1.0,12,14
2148,2072,S,0.0,1.0,12,14
2149,2074,I,0.0,1.0,12,14
2150,2075,E,0.41381685030363374,0.9042517966013457,12,14
2151,2076,A,0.0,1.0,12,14
2152,2078,R,0.0,1.0,12,14
2153,2079,K,0.6500224216483541,0.8495989735652243,12,14
2154,2080,K,0.0,1.0,12,14
2155,2081,Q,0.0,1.0,12,14
2156,2082,L,0.0,1.0,12,14
2157,2083,L,0.0,1.0,12,14
2158,2084,P,0.0,1.0,12,14
2159,2085,L,0.0,1.0,12,14
2160,2086,Y,0.0,1.0,12,14
2161,2087,T,0.0,1.0,12,14
2162,2088,Q,0.0,1.0,12,14
2163,2089,I,0.0,1.0,6,14
2164,2090,A,0.0,1.0,6,14
2165,2091,V,0.9182958340544896,0.7875263507644215,6,14
2166,2092,R,0.0,1.0,6,14
2167,2093,F,0.0,1.0,6,14
2168,2094,A,0.0,1.0,6,14
2169,2095,E,0.0,1.0,6,14
2170,2096,L,0.0,1.0,7,14
2171,2097,H,0.0,1.0,6,14
2172,2098,D,0.0,1.0,7,14
2173,2099,T,0.0,1.0,7,14
2174,2100,S,0.0,1.0,6,14
2175,2101,L,0.0,1.0,7,14
2176,2102,R,0.0,1.0,6,14
2177,2103,M,0.0,1.0,6,14
2178,2104,A,0.9182958340544896,0.7875263507644215,6,14
2179,2105,A,0.0,1.0,7,14
2180,2106,K,0.0,1.0,6,14
2181,2107,G,0.0,1.0,7,14
2182,2108,V,0.0,1.0,7,14
2183,2109,I,0.0,1.0,8,14
2184,2110,R,0.9852281360342515,0.7720396743296748,7,14
2185,2111,K,0.0,1.0,6,14
2186,2112,V,0.9182958340544896,0.7875263507644215,6,14
2187,2113,V,0.0,1.0,7,14
2188,2114,D,0.0,1.0,6,14
2189,2115,W,0.0,1.0,6,14
2190,2117,E,0.0,1.0,6,14
2191,2118,D,0.9852281360342515,0.7720396743296748,7,14
2192,2119,S,0.6500224216483541,0.8495989735652243,6,14
2193,2120,R,0.0,1.0,6,14
2194,2121,S,0.0,1.0,6,14
2195,2122,F,0.0,1.0,6,14
2196,2123,F,0.0,1.0,6,14
2197,2134,Y,0.0,1.0,6,14
2198,2137,K,0.6500224216483541,0.8495989735652243,6,14
2199,2148,R,0.0,1.0,6,14
2200,2149,L,0.0,1.0,6,14
2201,2156,R,0.0,1.0,6,14
2202,2169,R,0.0,1.0,6,14
2203,2203,R,0.0,1.0,6,14
2204,2213,L,0.6500224216483541,0.8495989735652243,6,14
