position,residue_name,min_dist_to_active_site_core_A,sasa_A2,percentile_rank_distance
1482,PRO,33.507006028590496,139.08989290273735,91.18086696562033
1483,ILE,36.71237996916027,153.427987729706,96.26307922272048
1484,ALA,39.450478640949335,93.42889618944817,98.80418535127055
1485,THR,37.60554881928995,47.90107499193641,97.01046337817638
1486,PRO,39.207280994733615,133.95826040028606,98.50523168908819
1487,TYR,36.64854009370632,179.15426616220765,95.81464872944693
1488,PRO,34.094382381852874,81.42876644443754,92.2272047832586
1489,VAL,31.150237270364407,14.315032022841933,87.29446935724962
1490,LYS,27.89337873044425,111.68540090726488,79.22272047832585
1491,GLU,25.709627204609557,51.6924478569331,73.69207772795217
1492,TRP,28.03798596547191,179.36226953874913,79.97010463378176
1493,LEU,28.467352634201866,104.76436120103683,80.86696562032886
1494,GLN,24.704147769150016,27.49925407544363,69.20777279521674
1495,PRO,23.07785137312397,85.2766766867925,63.67713004484305
1496,LYS,19.547863156877273,71.35308450609493,52.76532137518684
1497,ARG,20.814095344261297,19.000549879794733,55.904334828101646
1498,TYR,21.64014073429283,113.70138165364597,58.445440956651716
1499,LYS,18.26157457614211,111.19698590372516,48.87892376681614
1500,ALA,16.666431411672985,-5.684341886080802e-14,43.79671150971599
1501,HIS,19.52011521482391,71.82442043701062,52.46636771300449
1502,LEU,19.10862263482117,103.3736643276332,51.12107623318386
1503,MSE,15.795121841885232,46.27989381531639,40.80717488789238
1504,GLY,17.706071981102976,42.64553803249839,46.78624813153961
1505,THR,16.58335976212299,6.7979642259493716,43.34828101644245
1506,THR,18.54571497678102,18.656970257236623,49.92526158445441
1507,TYR,18.325079426840144,0.0,49.17787742899851
1508,VAL,16.88683747775172,0.2297733713535024,44.544095665171895
1509,TYR,20.31509335444954,14.512022787808334,54.559043348281016
1510,ASP,22.05129594831106,27.658846156759665,59.64125560538117
1511,PHE,20.875513502666223,0.9824165235445435,56.053811659192824
1512,PRO,23.48011671606425,5.588824012223029,65.91928251121077
1513,GLU,26.0385305652988,69.90513895978229,74.14050822122572
1514,LEU,24.892248291385815,16.530228109520635,70.10463378176382
1515,PHE,24.821444820960767,2.0604308760255208,69.95515695067265
1516,ARG,28.569223545626855,71.38155104853054,81.46487294469357
1517,GLN,29.226941612149567,62.407855573116834,83.25859491778775
1518,ALA,26.989227888177904,3.1297612741997654,76.83109118086696
1519,SER,28.61843192769303,2.8701503608818086,81.61434977578476
1520,SER,32.00251508866139,28.090007108944263,88.93871449925261
1521,SER,31.59057685449887,42.395544346344494,88.34080717488789
1522,GLN,30.653903242490998,30.620906341752686,85.949177877429
1523,TRP,34.13886024752437,25.289836190038017,92.37668161434978
1524,LYS,36.03619866190106,85.9743935191931,95.21674140508222
1525,ASN,34.668078602656934,131.28863801360887,92.9745889387145
1526,PHE,35.44779555910353,84.66437131346366,94.31988041853512
1527,SER,39.092419162799324,46.176181306175806,98.20627802690584
1528,ALA,40.193959061033034,75.02073226392626,99.10313901345292
1529,ASP,43.068486948115556,130.5907977683846,100.0
1530,VAL,40.95839525665037,37.3308279840939,99.70104633781764
1531,LYS,41.494700023014985,184.12500987476156,99.85052316890882
1532,LEU,38.49223108628545,47.78144045095968,97.75784753363229
1533,THR,39.66235880529548,103.14735524183261,98.95366218236174
1534,ASP,36.684881477251636,68.77795658923152,95.96412556053812
1535,ASP,36.050416488578875,85.47464046810336,95.3662182361734
1536,PHE,34.22182737669045,10.43169585010601,92.52615844544096
1537,PHE,31.06457743153768,19.215841282110404,86.84603886397609
1538,ILE,30.40210290424003,82.07428060236077,85.20179372197309
1539,SER,27.133269578139675,27.03125651204634,77.42899850523169
1540,ASN,26.118523580018838,44.67269799901413,74.58893871449925
1541,GLU,23.159182822370912,9.311281475683614,64.27503736920777
1542,LEU,20.981302962399642,1.2252176367089618,56.502242152466366
1543,ILE,19.920598936778983,39.997480493876836,53.36322869955157
1544,GLU,19.352282836916167,51.425442561915915,51.86846038863976
1545,ASP,22.642751709984367,46.5203816706495,61.88340807174888
1546,GLU,23.874779391650932,160.9454350401174,66.81614349775785
1547,ASN,22.479120845798217,113.4884749926947,61.13602391629298
1548,GLY,18.99930498728835,21.25442785709761,50.672645739910315
1549,GLU,20.325215989012268,89.07110699549385,54.85799701046338
1550,LEU,20.116710789788673,25.136855739760634,54.110612855007474
1551,THR,23.555970899116,54.72310664300217,66.21823617339312
1552,GLU,25.24762218506923,86.54968387988647,71.59940209267563
1553,VAL,26.479021753078413,41.82853251916721,75.7847533632287
1554,GLU,28.480819844239033,167.47786056132054,81.01644245142003
1555,ARG,27.05461058673734,63.941597909444695,77.13004484304933
1556,GLU,26.34186242466542,146.46134644501683,75.33632286995515
1557,PRO,23.074538998645238,56.17532903371661,63.52765321375187
1558,GLY,20.688350200052202,12.681227021024696,55.75485799701046
1559,ALA,21.677028071209392,52.72066084209601,58.5949177877429
1560,ASN,18.307347432110422,8.51954903726994,49.02840059790732
1561,ALA,17.204844521238776,74.99074902378547,45.14200298953662
1562,ILE,13.639864405484388,24.954182318907186,33.03437967115097
1563,GLY,11.287863836882513,0.37856840629069666,23.168908819133033
1564,MSE,12.64938342370884,2.8376411726392092,29.29745889387145
1565,VAL,16.05938638304714,2.6424364732475425,42.152466367713004
1566,ALA,17.752910803583735,-5.684341886080802e-14,46.93572496263079
1567,PHE,21.222989751682018,1.5179356512662991,57.10014947683109
1568,LYS,23.252141105713257,22.253702562416535,64.42451420029896
1569,ILE,25.229766586316252,0.6734557723627006,71.30044843049328
1570,THR,28.249908920207154,40.66374966900224,80.4185351270553
1571,VAL,29.325139061903865,2.8886822502484364,83.40807174887892
1572,LYS,32.223306022194556,77.332384913072,89.38714499252616
1573,THR,31.23200593942054,4.400423764775894,87.59342301943198
1574,PRO,33.41565589660032,11.60213040926675,90.73243647234679
1575,GLU,30.587948558214883,15.336242544351833,85.65022421524664
1576,TYR,32.37554453596108,40.29652187993936,89.53662182361734
1577,PRO,35.33865110611892,80.35003145124301,94.02092675635276
1578,ARG,35.642746611337344,232.7265822910367,94.76831091180867
1579,GLY,32.05177107431039,22.744463657271183,89.08819133034379
1580,ARG,28.53390504294847,2.2309619609118556,81.16591928251121
1581,GLN,25.784472168341935,51.61431986570091,73.84155455904335
1582,PHE,22.07318465921943,7.405378822739948,59.79073243647235
1583,VAL,19.97141069128568,7.124638705136022e-05,53.66218236173393
1584,VAL,17.936724282878412,2.7930006723948395,47.53363228699551
1585,VAL,14.759497620176644,0.06263778304750645,37.81763826606876
1586,ALA,13.298709787043252,0.8977445829827104,31.390134529147982
1587,ASN,10.462337262772596,1.1043732496277556,20.777279521674142
1588,ASP,12.206981035456716,0.5098095341139839,27.65321375186846
1589,ILE,10.735339817630365,2.611378979504437,21.674140508221225
1590,THR,13.543240269595747,24.880258109827437,32.58594917787743
1591,PHE,12.547237584424707,36.67133874879204,28.998505231689087
1592,LYS,10.615963969418887,111.1564745644207,21.076233183856502
1593,ILE,8.918144369766615,100.30263721615984,16.442451420029894
1594,GLY,7.759626086352356,0.11052052047079997,13.153961136023916
1595,SER,5.301699916064658,5.925866126328302,8.819133034379671
1596,PHE,4.267544961684647,0.07093769430071006,6.4275037369207775
1597,GLY,6.209854346117946,-2.842170943040401e-14,11.509715994020926
1598,PRO,8.197732430373655,27.876219216704484,14.050822122571002
1599,GLN,10.942904093521062,104.17805275016906,21.973094170403588
1600,GLU,9.667266107850761,0.0067198237258878635,18.385650224215247
1601,ASP,6.525784780392316,0.5258719349807564,11.80866965620329
1602,GLU,9.2830030162658,72.71660469068655,17.638266068759343
1603,PHE,11.689486815083031,5.384451286056731,24.663677130044842
1604,PHE,10.012954658840716,0.006300178714198523,19.581464872944693
1605,ASN,9.795112148413617,10.021931300203335,18.684603886397607
1606,LYS,13.333764697188862,52.321517106494966,31.539611360239164
1607,VAL,14.703160374558935,-1.1368683772161603e-13,37.5186846038864
1608,THR,13.736797661755086,-8.526512829121202e-14,33.482810164424514
1609,GLU,15.43796343433939,51.74238578478328,39.91031390134529
1610,TYR,18.194828331149488,25.137608856515982,48.28101644245142
1611,ALA,18.788698438156914,-5.684341886080802e-14,50.224215246636774
1612,ARG,19.04190683728917,53.481898241980645,50.82212257100149
1613,LYS,21.043801510183467,167.33927972328797,56.80119581464873
1614,ARG,23.440687063309387,98.31440392850932,65.6203288490284
1615,GLY,23.105476104161973,-2.842170943040401e-14,63.97608370702541
1616,ILE,22.10252306864535,7.106199181914263,59.940209267563525
1617,PRO,19.077443801515965,0.029534883844291926,50.97159940209268
1618,ARG,16.095001118359697,-1.1368683772161603e-13,42.600896860986545
1619,ILE,15.361875959660656,0.1489821602054633,39.61136023916293
1620,TYR,12.533563020945001,0.128177552283816,28.699551569506728
1621,LEU,13.275711694670083,1.0694791187395225,31.09118086696562
1622,ALA,10.202888267544635,-5.684341886080802e-14,19.880418535127056
1623,ALA,9.260751481386373,0.39337267069734594,17.48878923766816
1624,ASN,5.76733361268446,-5.684341886080802e-14,10.46337817638266
1625,SER,3.80196015234247,25.008796423602007,2.690582959641256
1626,GLY,3.829856394174596,2.81832488789388,5.829596412556054
1627,ALA,3.829856394174596,11.165498967364229,5.829596412556054
1628,ARG,3.772068530660598,29.647008165550787,0.7473841554559043
1629,ILE,6.50780408432829,35.6357177559489,11.659192825112108
1630,GLY,9.017531646742363,3.0200396349320044,16.89088191330344
1631,MSE,11.055593380728146,3.5255298937295265,22.720478325859492
1632,ALA,14.121622711289238,0.09120061447208627,34.67862481315396
1633,GLU,16.475399630964947,67.90619442552718,43.19880418535127
1634,GLU,19.356756675641712,27.277916596040797,52.01793721973094
1635,ILE,19.187662624717998,-1.4210854715202004e-13,51.270553064275035
1636,VAL,19.316814903083788,13.331208613435734,51.71898355754858
1637,PRO,23.074501814773814,90.64225855503268,63.37817638266069
1638,LEU,24.159492089032007,36.40948418037148,67.1150971599402
1639,PHE,22.593540072330406,4.67988561319801,61.43497757847533
1640,GLN,25.28011006700722,51.55395043983384,71.74887892376681
1641,VAL,25.540177152870335,14.914088805272328,72.6457399103139
1642,ALA,27.794156418211358,5.525142132005698,79.07324364723468
1643,TRP,29.05474178167825,48.341589576824134,82.95964125560538
1644,ASN,30.709290027612163,74.00374230776043,86.09865470852019
1645,ASP,33.50977691659555,38.39367509221664,91.3303437967115
1646,ALA,35.27955399377945,83.24855352968879,93.87144992526159
1647,ALA,35.57430616329712,111.67253537648591,94.61883408071749
1648,ASN,34.636476350806824,59.20624138318746,92.82511210762331
1649,PRO,30.790869701910015,10.69056225746536,86.54708520179372
1650,ASP,30.5524908968156,84.2670974749707,85.35127055306428
1651,LYS,31.05325466034116,120.32887448501252,86.6965620328849
1652,GLY,27.73755140599112,9.348808025987438,78.77428998505232
1653,PHE,26.334591813810214,37.82824041732279,75.18684603886398
1654,GLN,26.08125635394123,121.34294012985575,74.43946188340807
1655,TYR,23.387854668609517,66.86190963207035,65.32137518684604
1656,LEU,22.362332123461538,3.537856423541058,60.68759342301943
1657,TYR,24.67479252192407,15.17844310767579,68.90881913303438
1658,LEU,25.42975347894666,1.3157536051633087,72.04783258594918
1659,THR,29.134302359933038,29.905912370495543,83.10911808669657
1660,SER,31.21273312287791,44.99903650623605,87.4439461883408
1661,GLU,31.112678621423772,141.61412256931968,86.99551569506727
1662,GLY,27.38082338060709,2.8906675097228174,77.87742899850524
1663,MSE,27.604155991444475,37.70084814998405,78.47533632286995
1664,GLU,30.23822469987284,87.21931785086056,84.75336322869956
1665,THR,28.548365715045758,33.341134110619905,81.31539611360239
1666,LEU,25.635914768152897,4.752566265237107,73.09417040358744
1667,LYS,28.25261495861932,78.654424896192,80.56801195814649
1668,LYS,29.992240029714353,151.46921239043058,84.00597907324365
1669,PHE,26.87783147874843,121.32050460841499,76.5321375186846
1670,ASP,26.25703842781969,121.79076870375289,74.88789237668162
1671,LYS,22.75958549710429,75.82618366775414,62.33183856502242
1672,GLU,24.25610426263871,85.94745408556687,67.56352765321375
1673,ASN,21.72125139120672,114.58450945818636,58.74439461883408
1674,SER,18.84099052597819,1.1671039636042337,50.37369207772795
1675,VAL,18.988166999476277,14.808538999300453,50.52316890881913
1676,LEU,20.451160162690034,77.646173002788,55.15695067264574
1677,THR,23.334193665091576,35.57492476335344,64.87294469357249
1678,GLU,26.64980056210552,101.3231844193638,76.08370702541106
1679,ARG,30.056027498656572,169.7925494623979,84.15545590433483
1680,THR,31.494672787631877,37.871678161959125,88.19133034379671
1681,VAL,34.75358528267263,67.62319229659755,93.12406576980568
1682,ILE,35.536231848635836,105.66550805210584,94.46935724962631
1683,ASN,37.38042697722967,108.34674607548796,96.56203288490283
1684,GLY,38.89860593903077,68.81152460318182,98.05680119581464
1685,GLU,36.25259472092998,84.95490698804751,95.66517189835575
1686,GLU,33.99961814491451,64.75667300747656,92.07772795216741
1687,ARG,30.28749368964028,44.005771821749846,84.90284005979073
1688,PHE,27.269179910661045,36.60909996615881,77.72795216741405
1689,VAL,24.809570109133286,15.7692618172578,69.65620328849029
1690,ILE,21.195112502650225,5.646259889763499,56.95067264573991
1691,LYS,19.73770437512934,110.7367442567608,53.06427503736921
1692,THR,16.45613578577911,4.103030037842075,42.89985052316891
1693,ILE,15.076250362739403,0.309658682360066,38.86397608370702
1694,ILE,14.280008578428793,17.796632022917848,36.02391629297459
1695,GLY,14.882593053631481,9.660833327227266,38.41554559043348
1696,SER,17.11014871355594,55.65891882231571,44.99252615844544
1697,GLU,14.716619109020929,112.28929797931141,37.66816143497758
1698,ASP,12.175778825192253,73.70505225636957,27.50373692077728
1699,GLY,8.753806372087514,3.256467571346178,15.695067264573991
1700,LEU,7.924982586731658,3.1696087320613486,13.452914798206278
1701,GLY,5.027702258487471,7.64313602280086,7.623318385650224
1702,VAL,4.783572200772141,2.890139482435117,7.174887892376682
1703,GLU,5.420557997106942,12.487216165577593,9.566517189835576
1704,CYS,3.7560847966998816,-4.263256414560601e-14,0.29895366218236175
1705,LEU,5.052998614684152,-1.4210854715202004e-13,7.922272047832586
1706,ARG,3.8247718886229,77.69447542045255,5.381165919282512
1707,GLY,3.7883624430616436,7.129423783949804,1.4947683109118086
1708,SER,5.052998614684152,-5.684341886080802e-14,7.922272047832586
1709,GLY,3.789761074263124,-2.842170943040401e-14,1.7937219730941705
1710,LEU,5.385251526159201,27.827583971529506,9.417040358744394
1711,ILE,5.441868612893919,-1.4210854715202004e-13,9.715994020926756
1712,ALA,5.9232694519158935,-5.684341886080802e-14,10.612855007473842
1713,GLY,8.668982408564455,-2.842170943040401e-14,15.246636771300448
1714,ALA,9.587377378616114,-5.684341886080802e-14,18.236173393124066
1715,THR,9.961659199149507,-8.526512829121202e-14,19.43198804185351
1716,SER,10.225041124611678,-5.684341886080802e-14,20.029895366218238
1717,ARG,12.797235678067358,50.361328970947554,30.044843049327355
1718,ALA,14.177278511759582,-5.684341886080802e-14,34.97757847533632
1719,TYR,13.554086800666429,8.411419071750899,32.73542600896861
1720,HIS,15.088505757695163,85.36404486456652,39.01345291479821
1721,ASP,18.142244568961146,32.57082065784027,47.98206278026906
1722,ILE,18.258043104341713,0.12664043878635312,48.729446935724965
1723,PHE,17.413096594230446,0.003163944276877828,45.889387144992526
1724,THR,13.876558398969104,-8.526512829121202e-14,34.379671150971596
1725,ILE,13.030982925320714,0.0038244040159867154,30.493273542600896
1726,THR,10.965818984462583,0.02414380656429671,22.12257100149477
1727,LEU,12.756809514921823,0.005943245986415491,29.895366218236173
1728,VAL,11.96612339063909,0.4949250022211231,26.457399103139014
1729,THR,14.27659878962773,0.33517347197516756,35.874439461883405
1730,CYS,11.911442272034062,3.540973623723559,26.15844544095665
1731,ARG,9.563699545677917,69.86866325364541,18.086696562032884
1732,SER,7.134105760359876,-5.684341886080802e-14,12.556053811659194
1733,VAL,3.765649080835872,26.268336980661402,0.4484304932735426
1734,GLY,3.8011874460489286,2.2145670311138588,2.391629297458894
1735,ILE,3.8011874460489286,-1.4210854715202004e-13,2.391629297458894
1736,GLY,3.805884128556731,-2.842170943040401e-14,3.288490284005979
1737,ALA,3.7212253358269,-5.684341886080802e-14,0.14947683109118087
1738,TYR,4.794138191583554,0.0,7.324364723467863
1739,LEU,3.844819631660244,-1.4210854715202004e-13,5.9790732436472345
1740,VAL,5.248766998067261,0.04066022624496668,8.52017937219731
1741,ARG,5.373935708584536,5.8228091685397345,9.267563527653214
1742,LEU,6.147534790466823,-1.4210854715202004e-13,11.360239162929746
1743,GLY,8.726774948398747,-2.842170943040401e-14,15.54559043348281
1744,GLN,9.908903723419655,10.170977197403147,19.282511210762333
1745,ARG,12.343551028776115,-1.1368683772161603e-13,28.101644245142005
1746,ALA,11.469220592525021,1.0498117823420046,23.916292974588938
1747,ILE,14.052277431078567,0.1780457469580199,34.52914798206278
1748,GLN,13.766174813651032,0.6093880170656831,33.78176382660688
1749,VAL,16.657378335140255,1.4008653769860757,43.64723467862481
1750,GLU,17.406487899630992,83.44744912076156,45.73991031390135
1751,GLY,15.949188380604204,37.272881954334295,41.70403587443946
1752,GLN,13.198685123905337,7.090495645757073,30.94170403587444
1753,PRO,9.735360034431189,12.42764887773896,18.53512705530643
1754,ILE,6.778946894614241,4.280353804801493,12.10762331838565
1755,ILE,3.8104136258416865,6.619052278872459,4.185351270553064
1756,LEU,4.59420101867561,40.492256762494165,7.025411061285501
1757,THR,3.789546410851831,56.91944740901285,1.6442451420029895
1758,GLY,6.799156197646879,35.94999843974638,12.25710014947683
1759,ALA,8.937410195353012,6.045083678600577,16.741405082212257
1760,PRO,11.982609273442906,85.41855270882554,26.606875934230196
1761,ALA,11.003670932920523,49.90744542204908,22.42152466367713
1762,ILE,10.311971586462015,42.40259734683664,20.328849028400597
1763,ASN,13.769449553268274,4.260011222277313,33.931240657698055
1764,LYS,14.250973229923629,168.54672249914677,35.72496263079223
1765,MSE,11.403512704425767,151.9919233493053,23.766816143497756
1766,LEU,12.661711337729978,65.11694189009512,29.446935724962632
1767,GLY,16.068723782553484,59.440380826832225,42.30194319880419
1768,ARG,18.37140291322358,127.823362948845,49.47683109118087
1769,GLU,17.7037700504723,127.73298706775088,46.63677130044843
1770,VAL,16.44829744988824,20.0101456262898,42.75037369207773
1771,TYR,14.395214378396734,40.96666049712972,36.92077727952167
1772,THR,15.795346498257013,132.50730767760956,40.95665171898356
1773,SER,13.662771241589315,53.37211691794698,33.18385650224215
1774,ASN,10.110365918204943,59.06319610254933,19.730941704035875
1775,LEU,11.850682216648968,64.7889036762359,26.00896860986547
1776,GLN,12.545977961083786,59.37806987110396,28.849028400597906
1777,LEU,9.156263320809423,33.31611793997355,17.189835575485798
1778,GLY,8.112785588193494,0.6807817329122514,13.75186846038864
1779,GLY,11.798879311188841,-2.842170943040401e-14,25.56053811659193
1780,THR,14.14711514761932,16.450854011710177,34.828101644245145
1781,GLN,15.938355435866026,98.41450300951196,41.554559043348284
1782,ILE,12.73124836769749,47.80442131606685,29.74588938714499
1783,MSE,10.45161293772402,14.275724744377285,20.62780269058296
1784,TYR,13.413833195623093,57.00818980384726,31.689088191330345
1785,ASN,13.8375861334266,72.58740945527845,34.23019431988042
1786,ASN,10.34058475135715,37.52710662056552,20.47832585949178
1787,GLY,10.692083333008588,1.3754727720741613,21.375186846038865
1788,VAL,8.302563459558737,1.3840637360510186,14.349775784753364
1789,SER,11.759678949699266,0.1004323209708673,25.112107623318387
1790,HIS,14.382854445484737,1.4501310610042566,36.771300448430495
1791,LEU,17.05206711809451,10.169848567339727,44.69357249626308
1792,THR,17.876406518089702,27.859981132874367,47.23467862481316
1793,ALA,19.747411577216898,1.9533953478512842,53.21375186846039
1794,VAL,22.338853797811563,108.3702929002616,60.53811659192825
1795,ASP,21.888706996988194,59.081364121882885,59.342301943198805
1796,ASP,20.322070120930096,7.044474047317749,54.7085201793722
1797,LEU,23.47058686952672,42.48786693098356,65.76980568011957
1798,ALA,22.88982911688071,15.405524677827657,62.780269058295964
1799,GLY,19.31182013690061,-2.842170943040401e-14,51.5695067264574
1800,VAL,20.64215000914391,-1.1368683772161603e-13,55.60538116591928
1801,GLU,23.36350956085151,68.92310658198453,65.02242152466367
1802,LYS,21.2643635220996,66.49699609205959,57.24962630792227
1803,ILE,19.415894210671834,1.5528084817750027,52.167414050822124
1804,VAL,22.913819432822628,13.87483808793769,63.07922272047833
1805,GLU,24.206281849966135,59.082541474127495,67.26457399103138
1806,TRP,21.556677294982173,0.17134250006888863,58.14648729446936
1807,MSE,22.487128229278188,7.484496342600359,61.285500747384155
1808,SER,25.890440262768806,3.899395051272691,73.99103139013452
1809,TYR,22.604296007617666,0.2547078128580438,61.7339312406577
1810,VAL,22.108270873137045,0.3938260433087919,60.08968609865471
1811,PRO,24.11116631355688,1.2787479166565134,66.96562032884903
1812,ALA,26.70331861398504,5.889967010052601,76.38266068759343
1813,LYS,25.437853171995467,62.04467663340323,72.19730941704036
1814,ARG,23.599332278689584,58.20696002670316,66.51718983557548
1815,ASN,23.486397893248764,82.48376941750145,66.06875934230195
1816,MSE,25.562259798382456,81.25971110294287,72.79521674140508
1817,PRO,25.240300731171963,72.29617973588991,71.44992526158445
1818,VAL,23.432088105843235,16.007573856013323,65.47085201793722
1819,PRO,26.12044942186103,4.502613770785246,74.73841554559043
1820,ILE,27.499214552419488,64.90182696482101,78.32585949177877
1821,LEU,29.46336075535172,18.393242390291846,83.5575485799701
1822,GLU,31.673386904466025,114.09613537621536,88.49028400597908
1823,THR,32.89482228254167,39.603692598403384,90.28400597907324
1824,LYS,35.374241603177865,124.26247990548524,94.17040358744394
1825,ASP,32.80327797644619,4.02145577168919,89.98505231689089
1826,THR,32.69721472847496,77.13650448579992,89.8355754857997
1827,TRP,30.300339899083642,48.981068388577555,85.05231689088191
1828,ASP,32.51034103173943,61.11547699476661,89.68609865470852
1829,ARG,31.404363566230728,32.23652360151918,88.04185351270553
1830,PRO,28.9193758404292,55.62412567022298,82.66068759342302
1831,VAL,26.264850846711465,3.901751049429336,75.0373692077728
1832,ASP,27.98754526570703,66.42950571092939,79.6711509715994
1833,PHE,25.201431566480505,10.941743439254907,71.0014947683109
1834,THR,23.14827442812963,70.6920333075244,64.12556053811659
1835,PRO,20.614268141265647,9.674723064513898,55.455904334828105
1836,THR,21.561177101447875,65.83943335226822,58.29596412556054
1837,ASN,20.173212981575343,135.94714581266282,54.26008968609865
1838,ASP,22.744645369844743,128.05819928823098,62.18236173393124
1839,GLU,21.385863227842826,115.20067308169624,57.69805680119581
1840,THR,18.456217624421313,106.13938958187673,49.62630792227205
1841,TYR,18.325170913254805,13.787283167047164,49.327354260089685
1842,ASP,17.35696036176841,17.373691450581973,45.59043348281016
1843,VAL,15.772990743673184,0.6795857096527129,40.657698056801195
1844,ARG,18.21895112238901,47.02168049933512,48.4304932735426
1845,TRP,20.936899937669853,70.75187309970136,56.20328849028401
1846,MSE,19.92713860542953,2.5020035296273875,53.51270553064275
1847,ILE,20.011827452784015,1.334647834397657,53.81165919282511
1848,GLU,23.275369707052988,42.07464022589981,64.72346786248131
1849,GLY,24.671359630146043,7.1207337262528085,68.75934230194319
1850,ARG,25.693197757383174,61.04358117089296,73.54260089686099
1851,GLU,29.049054803900244,124.4918970583833,82.8101644245142
1852,THR,30.183138438538823,39.07736565966093,84.45440956651719
1853,GLU,33.41220079551779,183.1144010961844,90.5829596412556
1854,SER,35.1789263480283,103.43439023508137,93.72197309417041
1855,GLY,34.42273813920095,44.41454613763517,92.67563527653213
1856,PHE,31.345712896662597,37.67450139388231,87.89237668161435
1857,GLU,28.757694639869865,46.302188508888136,82.0627802690583
1858,TYR,28.082112206883583,46.73494608936123,80.11958146487295
1859,GLY,24.661007765296205,0.07377143834449384,68.60986547085201
1860,LEU,22.94771971242459,1.1040510683880882,63.228699551569505
1861,PHE,24.207908996854727,1.0535899091774183,67.41405082212258
1862,ASP,27.051704530398816,0.31282939873965177,76.98056801195814
1863,LYS,28.006714819842756,75.87241203488982,79.82062780269058
1864,GLY,26.969135432935186,55.31269829871333,76.68161434977578
1865,SER,24.98694887336187,2.538966750106283,70.55306427503737
1866,PHE,21.521995585911636,27.133098847499028,57.997010463378174
1867,PHE,20.446722695825855,14.199041821383702,55.00747384155456
1868,GLU,17.290737404749397,37.87284467551683,45.440956651718984
1869,THR,15.59094932965918,-8.526512829121202e-14,40.20926756352765
1870,LEU,13.283551746426859,0.5433537266560222,31.2406576980568
1871,SER,14.779022227468234,31.40181479372174,37.96711509715994
1872,GLY,15.159346951633504,10.06260759216616,39.46188340807175
1873,TRP,11.711466731370587,22.442170110123186,24.962630792227205
1874,ALA,8.813532435975938,5.519285268333519,15.994020926756352
1875,LYS,11.01178209918812,85.63343353588799,22.57100149476831
1876,GLY,7.5767878418232035,10.117851628167344,13.004484304932735
1877,VAL,8.587954471234692,0.8780321908629816,14.648729446935725
1878,VAL,11.671507057788212,0.2569203593486691,24.51420029895366
1879,VAL,12.032820450750522,-1.1368683772161603e-13,26.756352765321374
1880,GLY,15.655017917587955,-2.842170943040401e-14,40.35874439461883
1881,ARG,18.4945199721431,0.11250494933821642,49.775784753363226
1882,ALA,20.94986656282087,0.04767438352118347,56.35276532137519
1883,ARG,23.38023410917863,7.110820384993659,65.17189835575486
1884,LEU,24.277770078819017,0.014726380911611159,67.71300448430493
1885,GLY,27.942696022395545,4.941597202271069,79.52167414050822
1886,GLY,27.47428605077846,0.03780303488251491,78.02690582959642
1887,ILE,24.31175956198975,0.7111987609193875,67.86248131539611
1888,PRO,21.80283864546082,-1.1368683772161603e-13,59.04334828101644
1889,LEU,18.140577443951447,0.9779806634285251,47.832585949177876
1890,GLY,15.113059683598154,-2.842170943040401e-14,39.31240657698057
1891,VAL,14.86410935777855,0.22337995928353394,38.2660687593423
1892,ILE,11.79510902874577,0.0448128685158764,25.261584454409565
1893,GLY,12.05852254631553,0.005085061544619407,26.905829596412556
1894,VAL,9.243275826242554,1.2530825056191475,17.33931240657698
1895,GLU,10.254955338761839,2.2433966131480645,20.179372197309416
1896,THR,11.391302559409086,26.710702967292875,23.61733931240658
1897,ARG,13.01884226803597,83.51469773345397,30.343796711509714
1898,THR,11.928203552924469,68.65488806067644,26.307922272047833
1899,VAL,11.84487484104412,3.1906364239864047,25.85949177877429
1900,GLU,14.891796667964545,103.98010684826204,38.56502242152467
1901,ASN,14.207287214665575,46.521448094554856,35.1270553064275
1902,LEU,17.509681007945286,78.11259628754809,46.33781763826607
1903,ILE,18.239613427921107,91.5389813109481,48.57997010463378
1904,PRO,19.228066829507327,95.84435942743701,51.42002989536622
1905,ALA,19.696064911550227,49.342161222377825,52.91479820627803
1906,ASP,17.415571308458418,69.89501889727426,46.038863976083704
1907,PRO,17.28462270343209,65.11796424403856,45.2914798206278
1908,ALA,15.797490180405235,51.006836901330146,41.106128550074736
1909,ASN,18.678595530713757,58.41143660235032,50.07473841554559
1910,PRO,22.20046229248391,109.77150676990716,60.23916292974589
1911,ASN,24.33210642340691,136.54067088399285,68.01195814648729
1912,SER,21.952120877036005,41.128542380670666,59.49177877428998
1913,ALA,23.102416929836583,66.84541455400834,63.82660687593423
1914,GLU,22.593627309487072,115.19591511549451,61.58445440956652
1915,THR,20.46307095721461,85.07363666998174,55.30642750373692
1916,LEU,17.944905962417298,84.5425698458122,47.6831091180867
1917,ILE,14.228265705981173,66.84923325722637,35.276532137518686
1918,GLN,12.37441307699076,91.10055964702981,28.400597907324364
1919,GLU,8.85667234349335,10.990288539421115,16.143497757847534
1920,PRO,8.664128923325185,62.43479687323824,15.097159940209268
1921,GLY,8.169940391459413,8.793179778255762,13.90134529147982
1922,GLN,6.622753732398629,21.43334670779862,11.958146487294469
1923,VAL,3.809433947452037,35.30036333393137,3.8863976083707024
1924,TRP,4.096220330988072,0.0613779422243681,6.278026905829597
1925,HIS,3.8244817949625523,20.238087546021916,5.23168908819133
1926,PRO,4.480281464372522,30.059006395725746,6.87593423019432
1927,ASN,5.530094483822134,37.393009981905465,9.865470852017937
1928,SER,3.779448769331314,2.1111726493304843,1.195814648729447
1929,ALA,6.093835409657858,-5.684341886080802e-14,11.061285500747385
1930,PHE,3.770228772899593,11.759404078174839,0.5979073243647235
1931,LYS,5.532078632846786,1.0890353337151737,10.014947683109119
1932,THR,5.227048306644967,0.18733221569513603,8.370702541106128
1933,ALA,4.319704388033979,2.1943726203607525,6.726457399103139
1934,GLN,7.916419961068261,16.931963089947914,13.303437967115098
1935,ALA,9.436560284340898,-5.684341886080802e-14,17.787742899850524
1936,ILE,7.557723003656588,0.0015820612143784274,12.855007473841555
1937,ASN,8.756481142559492,41.887496028876626,15.844544095665173
1938,ASP,12.064424312829848,-8.526512829121202e-14,27.055306427503737
1939,PHE,12.71689258427545,1.4210854715202004e-14,29.59641255605381
1940,ASN,12.36505390202566,3.531729231357687,28.251121076233183
1941,ASN,14.36585138444638,18.23879122153211,36.62182361733931
1942,GLY,17.893840504486448,3.17360221748271,47.384155455904335
1943,GLU,17.702953877813723,0.22090349813132093,46.48729446935725
1944,GLN,16.864815978835935,7.0993393873361725,44.39461883408072
1945,LEU,16.737641918741122,0.06702992644383698,43.946188340807176
1946,PRO,15.954889689371088,0.5298325695547987,41.85351270553064
1947,MSE,13.581364769418421,2.015931035805451,32.88490284005979
1948,MSE,14.241111859682864,0.19428822023795078,35.57548579970105
1949,ILE,11.624682060168356,0.12836344028639246,24.2152466367713
1950,LEU,12.091265649219691,2.9578094788658262,27.20478325859492
1951,ALA,8.365419535205634,-5.684341886080802e-14,14.499252615844544
1952,ASN,8.255720501567387,1.4318201304870115,14.200298953662182
1953,TRP,5.604050142530847,3.229332405962694,10.31390134529148
1954,ARG,6.144035888567056,116.06583040388526,11.210762331838565
1955,GLY,3.8129947547826575,20.878055532614397,4.484304932735426
1956,PHE,4.096220330988072,41.03118689348071,6.278026905829597
1957,SER,3.80380559440148,36.714093469167494,2.9895366218236172
1958,GLY,5.366734761472748,81.61625272862355,9.118086696562033
1965,ASN,5.267490009482694,57.02973336663332,8.66965620328849
1966,GLU,3.8036930738428425,53.38702166682498,2.8400597907324365
1967,VAL,3.816325195787174,1.647514082428927,4.932735426008969
1968,LEU,3.816325195787174,3.949308656489535,4.932735426008969
1969,LYS,3.7785165078374288,0.6345634454786477,1.046337817638266
1970,TYR,3.804684743838834,9.369783527197626,3.1390134529147984
1971,GLY,5.0824886620631045,-2.842170943040401e-14,8.071748878923767
1972,SER,3.810353002019631,2.749520623626779,4.0358744394618835
1973,PHE,3.808567315933913,42.45349160447854,3.43796711509716
1974,ILE,5.576835482601223,-1.4210854715202004e-13,10.164424514200299
1975,VAL,3.8163401315920473,0.06701607672192722,5.082212257100149
1976,ASP,5.362552470605768,54.854429654856176,8.968609865470851
1977,ALA,5.0108926350501655,2.7348749612822303,7.473841554559043
1978,LEU,6.068650261796273,-1.4210854715202004e-13,10.762331838565023
1979,VAL,8.596486549748095,30.332728337933503,14.798206278026905
1980,ASP,9.858340783316423,42.04720240589789,19.13303437967115
1981,TYR,10.52643082910822,3.8052037089560855,20.92675635276532
1982,LYS,14.323146791121005,110.20152039792129,36.47234678624813
1983,GLN,15.473037581548102,12.186708436642249,40.059790732436475
1984,PRO,15.994567233907889,2.902222923770921,42.002989536621826
1985,ILE,13.532748021004451,0.017401487304681496,32.436472346786246
1986,ILE,13.711031981583298,1.601687878569578,33.333333333333336
1987,ILE,11.121671367200168,-1.4210854715202004e-13,23.019431988041852
1988,TYR,13.191158175080762,0.0,30.79222720478326
1989,ILE,11.616390403219066,-1.4210854715202004e-13,24.06576980568012
1990,PRO,14.457618891089917,0.4518633768218763,37.219730941704036
1991,PRO,16.803806652065482,7.391764645737595,44.24514200298954
1992,THR,15.838696663551582,38.333572345893174,41.25560538116592
1993,GLY,12.222652576261835,1.760390334804299,27.80269058295964
1994,GLU,9.53484672136894,26.326937592532516,17.937219730941703
1995,LEU,6.083087784998674,0.06835704286928035,10.911808669656203
1996,ARG,3.8146770505509395,19.614542076627274,4.633781763826607
1997,GLY,3.7958369301117227,8.545081377188865,2.092675635276532
1998,GLY,3.7958369301117227,3.839566161304049,2.092675635276532
1999,SER,3.801736576881675,0.30457167473851143,2.5411061285500747
2000,TRP,3.788073916913451,0.566990901103523,1.345291479820628
2001,VAL,3.8092290558589372,-1.1368683772161603e-13,3.7369207772795217
2002,VAL,3.8092290558589372,-1.1368683772161603e-13,3.7369207772795217
2003,VAL,3.825741235368646,0.3330159301753497,5.530642750373692
2004,ASP,5.190596208529425,0.4620689274647134,8.221225710014947
2005,PRO,8.92062912579601,6.291866994123751,16.591928251121075
2006,THR,9.097401277287927,20.370584010858693,17.04035874439462
2007,ILE,8.102870725860065,0.018558363464578065,13.60239162929746
2008,ASN,10.99598713167672,8.192489867491844,22.272047832585947
2009,ALA,13.49055299088959,74.93580312868113,31.988041853512705
2010,ASP,16.075035303227178,69.41754983014896,42.45142002989537
2011,GLN,14.832170272755098,10.958810302814186,38.11659192825112
2012,MSE,12.12312146272568,6.099238250242365,27.3542600896861
2013,GLU,13.495715801690551,7.240745681174516,32.13751868460388
2014,MSE,11.830785350094052,0.7003435035472592,25.71001494768311
2015,TYR,14.300658865940411,2.4990454393420265,36.32286995515695
2016,ALA,14.28303010568836,-5.684341886080802e-14,36.17339312406577
2017,ASP,16.797387207539156,1.6205705164754676,44.095665171898354
2018,VAL,18.170516200702718,56.58757646771819,48.13153961136024
2019,ASN,17.504979948574633,96.00296334613786,46.18834080717489
2020,ALA,14.240599425585986,0.04369372276909189,35.426008968609864
2021,ARG,10.734935956958475,55.6207090803984,21.524663677130047
2022,ALA,7.279064981163445,1.3553110727885525,12.705530642750373
2023,GLY,3.8105384134003986,2.628587913578201,4.334828101644245
2024,VAL,4.273815508418678,10.341917275769191,6.576980568011958
2025,LEU,3.7726232252903293,57.76009054070953,0.8968609865470852
2026,GLU,6.923257181413964,63.509160977377036,12.406576980568012
2027,PRO,9.839454507237694,21.00656516627724,18.98355754857997
2028,GLN,11.795895218252834,120.25812990556952,25.411061285500747
2029,GLY,9.795635813973488,22.772635699543827,18.83408071748879
2030,MSE,8.718688146734001,11.97267072485775,15.39611360239163
2031,VAL,12.457912385307582,18.23278040060302,28.550074738415546
2032,GLY,13.752792407362227,50.28528599511145,33.63228699551569
2033,ILE,12.598163993217424,81.9054170751985,29.14798206278027
2034,LYS,12.837967674051846,64.18753759006223,30.194319880418536
2035,PHE,15.372521523809946,5.862781401118255,39.76083707025411
2036,ARG,17.75526857020192,129.1717482320799,47.08520179372197
2037,ARG,21.01149421150243,145.47350645441617,56.65171898355755
2038,GLU,22.83670681162239,115.83745685052801,62.630792227204786
2039,LYS,21.338254778683282,55.29534256867974,57.54857997010463
2040,LEU,21.40311496021082,17.37332414343375,57.847533632286996
2041,LEU,25.166950967489093,62.55331545129876,70.85201793721973
2042,ASP,25.613468820134457,90.60399307349037,72.94469357249626
2043,THR,24.38057308596334,27.427178413205866,68.16143497757848
2044,MSE,26.664636018517122,30.118222778069324,76.23318385650224
2045,ASN,30.063458184314065,90.44522688929463,84.30493273542601
2046,ARG,31.246045845834647,111.74601448028274,87.74289985052317
2047,LEU,33.68624958347249,165.00571925905507,91.4798206278027
2081,GLU,30.765256069143977,159.73066695620736,86.39760837070254
2082,LEU,28.6583959251037,15.980980841200036,81.76382660687594
2083,LEU,25.303519182121686,43.58425258832909,71.898355754858
2084,PRO,24.793270881430715,93.9012669761308,69.5067264573991
2085,ILE,24.813291115851605,49.02221421790509,69.80568011958147
2086,TYR,23.27104922430444,8.4531101243996,64.57399103139014
2087,GLY,20.26427568407023,15.454895550586187,54.40956651718984
2088,GLN,19.474136155424205,80.5725474731112,52.3168908819133
2089,ILE,19.538181158951318,6.176900697211778,52.615844544095665
2090,SER,16.65184091924975,1.9137212655529794,43.497757847533634
2091,LEU,14.625399618471976,41.765780071732166,37.369207772795214
2092,GLN,15.876137660022987,66.98991307575801,41.4050822122571
2093,PHE,15.100767695716671,0.6632803772024829,39.162929745889386
2094,ALA,11.338096621567493,4.048734355736272,23.318385650224215
2095,ASP,11.626856711940679,21.7484456436367,24.364723467862483
2096,LEU,13.514787641690868,7.0935567532019945,32.28699551569507
2097,HIS,10.652357673304065,13.536221414217152,21.225710014947683
2098,ASP,8.909993209873958,10.768140005997822,16.292974588938716
2099,ARG,12.324651232387879,45.23859950107686,27.952167414050823
2100,SER,13.456508611077393,1.4669661724558694,31.838565022421523
2101,SER,15.677790756353398,30.381168838564307,40.50822122571002
2102,ARG,13.058810167852203,5.13670558608969,30.642750373692078
2103,MSE,10.777037208806512,0.8338832855486942,21.823617339312406
2104,VAL,13.81951840694892,64.58839543105827,34.08071748878924
2105,ALA,14.425181316018179,62.8590817771301,37.07025411061286
2106,LYS,11.106383659859764,57.02223842468382,22.869955156950674
2107,GLY,11.697809153854408,40.33734112831617,24.813153961136024
2108,VAL,8.627530527329355,0.5940272125204444,14.947683109118087
2109,ILE,11.344609336596829,11.408726127712924,23.467862481315397
2110,SER,14.930365400752919,49.84397518090469,38.714499252615845
2111,LYS,16.460480673418985,97.5643897748459,43.04932735426009
2112,GLU,17.09682233632905,62.14473018836476,44.84304932735426
2113,LEU,20.02715002190776,16.937742009503353,53.961136023916296
2114,GLU,22.2773134825544,109.1514962785925,60.38863976083707
2115,TRP,21.28077035729675,10.260246364718483,57.399103139013455
2116,THR,24.98228200145055,55.814498329561815,70.4035874439462
2117,GLU,25.50657485825959,70.68792316496598,72.34678624813154
2118,ALA,22.422381340972688,0.22296230539959083,60.98654708520179
2119,ARG,24.541860178071264,-1.1368683772161603e-13,68.31091180866966
2120,ARG,27.208625562493967,62.19559891178456,77.57847533632287
2121,PHE,24.612145152342983,40.444072290407675,68.46038863976084
2122,PHE,21.88438936776624,1.4210854715202004e-14,59.19282511210762
2123,PHE,24.689497159723608,7.961410463859579,69.05829596412556
2124,TRP,26.06209220304464,32.36571119668021,74.2899850523169
2125,ARG,22.89690293467656,45.468613066627285,62.92974588938714
2126,LEU,21.75578022043797,1.9908565485550014,58.893871449925264
2127,ARG,25.10274554705122,47.46736207767077,70.70254110612855
2128,ARG,25.538955127412713,7.074135420299768,72.49626307922271
2129,ARG,22.366264462354906,11.50902453253417,60.837070254110614
2130,LEU,22.781776533009882,30.35062249897321,62.4813153961136
2131,ASN,26.343628717395788,9.75375006298188,75.48579970104633
2132,GLU,25.651646691781796,9.178577997422721,73.24364723467862
2133,GLU,22.688443710400232,18.630310045210948,62.03288490284006
2134,TYR,24.929658020117323,59.843295248963784,70.254110612855
2135,LEU,27.648096806109454,2.530767616554513,78.62481315396114
2136,ILE,25.69266796189138,11.617559118646042,73.39312406576981
2137,LYS,25.210594360308125,114.31409539554983,71.1509715994021
2138,ARG,28.914944284919518,88.59209992164864,82.51121076233184
2139,LEU,29.68784609903521,4.450370617293032,83.70702541106128
2140,SER,28.242576281210603,34.481639966549764,80.26905829596413
2141,HIS,30.634285531084288,168.84651591728613,85.79970104633782
2142,GLN,33.723752163719865,72.19953633421017,91.62929745889387
2143,VAL,33.494264792647705,51.91076731312094,91.03139013452915
2144,GLY,32.08063068270322,50.15566346255946,89.23766816143498
2145,GLU,28.839526157688514,152.9085814402829,82.21225710014947
2146,ALA,27.901842681084702,41.40450166103575,79.37219730941705
2147,SER,24.735069233782223,69.32909286892833,69.35724962630792
2148,ARG,23.569976368252895,50.590929570270234,66.3677130044843
2149,LEU,23.779583385753423,142.1794056700362,66.66666666666667
2150,GLU,27.47743876346556,100.45682697493837,78.1763826606876
2151,LYS,27.76295692104859,35.4751617051449,78.9237668161435
2152,ILE,26.509266304445323,31.997933955163987,75.93423019431988
2153,ALA,28.687768543405394,56.74976091833295,81.91330343796712
2154,ARG,31.771833689606268,118.81087367178304,88.78923766816143
2155,ILE,31.148895630503503,2.0910010044592866,87.14499252615845
2156,ARG,30.56905814708723,71.36428983106052,85.50074738415546
2157,SER,33.7308023770559,67.47274885180504,91.77877428998505
2158,TRP,35.82221862196701,24.517448092550396,94.91778774289985
2159,TYR,35.06265564671335,12.26319974421466,93.42301943198804
2160,PRO,38.087516590084995,48.35128432678928,97.45889387144993
2161,ALA,37.56899474300583,115.39209632497956,96.8609865470852
2162,SER,38.067933960224316,93.41001758144797,97.30941704035874
2163,VAL,34.952708593183445,11.508207235398388,93.27354260089686
2164,ASP,31.695740486696312,74.20234794777922,88.63976083707026
2165,HIS,28.840938490278013,72.23258268189888,82.36173393124066
2166,GLU,26.346390834419804,139.43752457026423,75.63527653213752
2167,ASP,28.44565733112877,62.55259549027273,80.71748878923766
2168,ASP,27.123403934609687,17.00309601822093,77.27952167414051
2169,ARG,30.19253306696873,128.3833800465221,84.60388639760838
2170,GLN,32.82071469361995,70.91918156803027,90.13452914798206
2171,VAL,30.745659774999137,0.0013447606698662184,86.24813153961136
2172,ALA,29.805827114844508,-5.684341886080802e-14,83.85650224215247
2173,THR,33.447224862460565,43.700089957269725,90.88191330343797
2174,TRP,35.1104165170395,38.31169632672783,93.57249626307922
2175,ILE,33.110990003320644,-1.4210854715202004e-13,90.43348281016442
2176,GLU,33.80177168433631,54.31713081699988,91.92825112107623
2177,GLU,37.50870569614473,128.83023460733511,96.71150971599403
2178,ASN,37.82553970533666,32.90866348938572,97.15994020926756
2179,TYR,35.88164881941743,62.19509016640727,95.06726457399103
2180,LYS,39.27679607605488,135.12905713948894,98.65470852017937
2181,THR,40.23562164301677,67.75896071949353,99.40209267563527
2182,LEU,36.69500284779931,3.156171652025364,96.1136023916293
2183,ASP,37.10031251889935,66.32339170284077,96.41255605381166
2184,ASP,40.27822529605792,93.84373887199887,99.55156950672645
2185,LYS,38.4528744829304,89.82767202313978,97.60837070254111
2186,LEU,36.18135771360715,3.4210072214055742,95.51569506726457
2187,LYS,39.15094162341437,167.97603553027355,98.35575485799701
2188,GLY,40.22362606727544,53.113275770310864,99.2526158445441
2189,LEU,38.583903081466495,86.60786634744552,97.90732436472346
