position,residue,shannon_entropy,normalized_conservation,n_species_present,n_species_total
1,M,-0.0,1.0,9,9
2,A,0.5916727785823275,0.8630998097163513,7,9
3,A,0.5032583347756457,0.8835569857418553,9,9
4,A,1.3516441151533924,0.6872589998079043,9,9
5,T,2.0588138903312014,0.5236353208266742,9,9
6,T,1.4355205042826666,0.6678518307648802,9,9
7,T,1.8910611120726526,0.5624496589127226,9,9
8,T,2.197159723424149,0.4916251091675298,9,9
9,T,1.4355205042826666,0.6678518307648802,9,9
10,T,1.584962500721156,0.6332742086579154,3,9
11,S,0.9182958340544896,0.7875263507644215,3,9
12,S,1.6644977792004612,0.61487147804021,7,9
13,S,1.6644977792004612,0.61487147804021,7,9
14,I,2.2359263506290326,0.4826553562346333,7,9
15,S,2.5032583347756456,0.42080055942233696,9,9
16,F,2.0588138903312014,0.5236353208266742,9,9
17,S,2.197159723424149,0.4916251091675298,9,9
18,T,1.8365916681089791,0.5750527015288429,9,9
19,K,2.2810361125534233,0.4722179401245057,9,9
20,P,2.113283334294875,0.5110322782105539,9,9
21,S,2.4193819456463714,0.44020772846536105,9,9
22,P,1.224394445405986,0.7167018010192286,9,9
23,S,1.4355205042826666,0.6678518307648802,9,9
24,S,0.8112781244591328,0.8122879171870452,8,9
25,S,-0.0,1.0,7,9
26,K,1.8423709931771084,0.5737154916213099,7,9
27,S,1.1488348542809166,0.7341846442008293,7,9
28,P,1.8423709931771084,0.5737154916213099,7,9
29,L,1.9182958340544896,0.5561481376046623,6,9
30,P,1.2516291673878228,0.7104002797111685,6,9
31,I,1.584962500721156,0.6332742086579154,6,9
32,S,1.4591479170272448,0.6623849622224516,6,9
33,R,1.2516291673878228,0.7104002797111685,6,9
34,F,1.5219280948873621,0.6478589968473258,5,9
35,S,1.6644977792004612,0.61487147804021,7,9
36,L,1.3787834934861753,0.6809795389429983,7,9
37,P,1.8423709931771084,0.5737154916213099,7,9
38,F,1.1488348542809166,0.7341846442008293,7,9
39,S,1.811278124459133,0.5809097040272859,8,9
40,L,2.5,0.42155446710060207,8,9
41,N,2.75,0.3637099138106623,8,9
42,P,1.061278124459133,0.7544433638971053,8,9
43,N,2.4056390622295662,0.4433875322740043,8,9
44,K,2.1556390622295662,0.501232085563944,8,9
45,S,2.1556390622295662,0.501232085563944,8,9
46,S,2.1556390622295662,0.501232085563944,8,9
47,S,1.9182958340544896,0.5561481376046623,6,9
48,S,1.792481250360578,0.5852588911691985,6,9
49,S,2.2516291673878226,0.47902206655140933,6,9
50,R,1.8423709931771084,0.5737154916213099,7,9
51,R,0.863120568566631,0.8002927051036175,7,9
52,R,1.8423709931771084,0.5737154916213099,7,9
53,G,2.1556390622295662,0.501232085563944,8,9
54,I,1.75,0.5950881269704215,8,9
55,K,2.0,0.5372435736804817,8,9
56,S,2.0588138903312014,0.5236353208266742,9,9
57,S,1.879964948727111,0.5650170693605427,9,9
58,S,1.8365916681089791,0.5750527015288429,9,9
59,P,1.5487949406953985,0.6416425940710235,8,9
60,S,1.811278124459133,0.5809097040272859,8,9
61,S,2.5,0.42155446710060207,8,9
62,I,2.5,0.42155446710060207,8,9
63,S,2.1556390622295662,0.501232085563944,8,9
64,A,2.725480556997868,0.36938317872016824,9,9
65,V,2.197159723424149,0.4916251091675298,9,9
66,L,2.5032583347756456,0.42080055942233696,9,9
67,N,2.725480556997868,0.36938317872016824,9,9
68,T,2.5032583347756456,0.42080055942233696,9,9
69,T,1.879964948727111,0.5650170693605427,9,9
70,T,1.5304930567574826,0.6458772512740358,9,9
71,N,1.657742726504889,0.6164344500627115,9,9
72,V,2.2810361125534233,0.4722179401245057,9,9
73,T,1.4355205042826666,0.6678518307648802,9,9
74,T,1.0,0.7686217868402409,2,9
75,T,1.0,0.7686217868402409,2,9
76,P,-0.0,1.0,2,9
77,S,2.197159723424149,0.4916251091675298,9,9
78,P,2.0588138903312014,0.5236353208266742,9,9
79,T,1.0,0.7686217868402409,2,9
80,K,2.4193819456463714,0.44020772846536105,9,9
81,P,2.4193819456463714,0.44020772846536105,9,9
82,T,2.4193819456463714,0.44020772846536105,9,9
83,K,2.197159723424149,0.4916251091675298,9,9
84,P,2.2810361125534233,0.4722179401245057,9,9
85,E,2.0588138903312014,0.5236353208266742,9,9
86,T,2.0588138903312014,0.5236353208266742,9,9
87,F,1.224394445405986,0.7167018010192286,9,9
88,I,1.4466166676282082,0.66528442031706,9,9
89,S,1.224394445405986,0.7167018010192286,9,9
90,R,0.9864267287308425,0.7717623460932312,9,9
91,F,0.9864267287308425,0.7717623460932312,9,9
92,A,1.3516441151533924,0.6872589998079043,9,9
93,P,0.5032583347756457,0.8835569857418553,9,9
94,D,1.657742726504889,0.6164344500627115,9,9
95,Q,1.4466166676282082,0.66528442031706,9,9
96,P,0.5032583347756457,0.8835569857418553,9,9
97,R,-0.0,1.0,9,9
98,K,-0.0,1.0,9,9
99,G,-0.0,1.0,9,9
100,A,1.4355205042826666,0.6678518307648802,9,9
101,D,-0.0,1.0,9,9
102,I,0.9910760598382222,0.7706865921692176,9,9
103,L,0.5032583347756457,0.8835569857418553,9,9
104,V,-0.0,1.0,9,9
105,E,-0.0,1.0,9,9
106,A,0.5032583347756457,0.8835569857418553,9,9
107,L,-0.0,1.0,9,9
108,E,-0.0,1.0,9,9
109,R,-0.0,1.0,9,9
110,Q,1.4355205042826666,0.6678518307648802,9,9
111,G,-0.0,1.0,9,9
112,V,-0.0,1.0,9,9
113,E,1.224394445405986,0.7167018010192286,9,9
114,T,0.9864267287308425,0.7717623460932312,9,9
115,V,-0.0,1.0,9,9
116,F,-0.0,1.0,9,9
117,A,0.5032583347756457,0.8835569857418553,9,9
118,Y,-0.0,1.0,9,9
119,P,-0.0,1.0,9,9
120,G,-0.0,1.0,9,9
121,G,-0.0,1.0,9,9
122,A,-0.0,1.0,9,9
123,S,-0.0,1.0,9,9
124,M,0.5032583347756457,0.8835569857418553,9,9
125,E,-0.0,1.0,9,9
126,I,-0.0,1.0,9,9
127,H,-0.0,1.0,9,9
128,Q,-0.0,1.0,9,9
129,A,-0.0,1.0,9,9
130,L,-0.0,1.0,9,9
131,T,-0.0,1.0,9,9
132,R,-0.0,1.0,9,9
133,S,-0.0,1.0,9,9
134,S,2.197159723424149,0.4916251091675298,9,9
135,S,2.197159723424149,0.4916251091675298,9,9
136,I,-0.0,1.0,9,9
137,R,0.5032583347756457,0.8835569857418553,9,9
138,N,-0.0,1.0,9,9
139,V,0.7642045065086203,0.8231797267954,9,9
140,L,-0.0,1.0,9,9
141,P,0.9864267287308425,0.7717623460932312,9,9
142,R,-0.0,1.0,9,9
143,H,-0.0,1.0,9,9
144,E,-0.0,1.0,9,9
145,Q,-0.0,1.0,9,9
146,G,-0.0,1.0,9,9
147,G,0.7642045065086203,0.8231797267954,9,9
148,V,0.7642045065086203,0.8231797267954,9,9
149,F,-0.0,1.0,9,9
150,A,-0.0,1.0,9,9
151,A,-0.0,1.0,9,9
152,E,0.7642045065086203,0.8231797267954,9,9
153,G,-0.0,1.0,9,9
154,Y,-0.0,1.0,9,9
155,A,-0.0,1.0,9,9
156,R,-0.0,1.0,9,9
157,S,0.9910760598382222,0.7706865921692176,9,9
158,S,0.9910760598382222,0.7706865921692176,9,9
159,G,-0.0,1.0,9,9
160,K,2.197159723424149,0.4916251091675298,9,9
161,P,0.9182958340544896,0.7875263507644215,9,9
162,G,-0.0,1.0,9,9
163,I,0.5032583347756457,0.8835569857418553,9,9
164,C,-0.0,1.0,9,9
165,I,0.5032583347756457,0.8835569857418553,9,9
166,A,-0.0,1.0,9,9
167,T,-0.0,1.0,9,9
168,S,-0.0,1.0,9,9
169,G,-0.0,1.0,9,9
170,P,-0.0,1.0,9,9
171,G,-0.0,1.0,9,9
172,A,-0.0,1.0,9,9
173,T,-0.0,1.0,9,9
174,N,-0.0,1.0,9,9
175,L,-0.0,1.0,9,9
176,V,-0.0,1.0,9,9
177,S,-0.0,1.0,9,9
178,G,0.7642045065086203,0.8231797267954,9,9
179,L,-0.0,1.0,9,9
180,A,-0.0,1.0,9,9
181,D,-0.0,1.0,9,9
182,A,-0.0,1.0,9,9
183,L,0.9864267287308425,0.7717623460932312,9,9
184,L,-0.0,1.0,9,9
185,D,-0.0,1.0,9,9
186,S,-0.0,1.0,9,9
187,V,0.5032583347756457,0.8835569857418553,9,9
188,P,-0.0,1.0,9,9
189,L,1.3516441151533924,0.6872589998079043,9,9
190,V,-0.0,1.0,9,9
191,A,-0.0,1.0,9,9
192,I,-0.0,1.0,9,9
193,T,-0.0,1.0,9,9
194,G,-0.0,1.0,9,9
195,Q,-0.0,1.0,9,9
196,V,0.5032583347756457,0.8835569857418553,9,9
197,P,-0.0,1.0,9,9
198,R,-0.0,1.0,9,9
199,R,-0.0,1.0,9,9
200,M,-0.0,1.0,9,9
201,I,-0.0,1.0,9,9
202,G,-0.0,1.0,9,9
203,T,-0.0,1.0,9,9
204,D,-0.0,1.0,9,9
205,A,-0.0,1.0,9,9
206,F,-0.0,1.0,9,9
207,Q,-0.0,1.0,9,9
208,E,-0.0,1.0,9,9
209,T,-0.0,1.0,9,9
210,P,-0.0,1.0,9,9
211,I,-0.0,1.0,9,9
212,V,-0.0,1.0,9,9
213,E,-0.0,1.0,9,9
214,V,0.5032583347756457,0.8835569857418553,9,9
215,T,-0.0,1.0,9,9
216,R,-0.0,1.0,9,9
217,S,-0.0,1.0,9,9
218,I,0.5032583347756457,0.8835569857418553,9,9
219,T,-0.0,1.0,9,9
220,K,-0.0,1.0,9,9
221,H,-0.0,1.0,9,9
222,N,-0.0,1.0,9,9
223,Y,-0.0,1.0,9,9
224,L,-0.0,1.0,9,9
225,V,0.5032583347756457,0.8835569857418553,9,9
226,M,0.9182958340544896,0.7875263507644215,9,9
227,D,-0.0,1.0,9,9
228,V,-0.0,1.0,9,9
229,E,0.9910760598382222,0.7706865921692176,9,9
230,D,-0.0,1.0,9,9
231,I,-0.0,1.0,9,9
232,P,-0.0,1.0,9,9
233,R,-0.0,1.0,9,9
234,I,0.9910760598382222,0.7706865921692176,9,9
235,I,0.9182958340544896,0.7875263507644215,9,9
236,E,2.197159723424149,0.4916251091675298,9,9
237,E,-0.0,1.0,9,9
238,A,-0.0,1.0,9,9
239,F,-0.0,1.0,9,9
240,F,-0.0,1.0,9,9
241,L,-0.0,1.0,9,9
242,A,-0.0,1.0,9,9
243,T,2.197159723424149,0.4916251091675298,9,9
244,S,0.5032583347756457,0.8835569857418553,9,9
245,G,-0.0,1.0,9,9
246,R,-0.0,1.0,9,9
247,P,-0.0,1.0,9,9
248,G,-0.0,1.0,9,9
249,P,-0.0,1.0,9,9
250,V,0.5032583347756457,0.8835569857418553,9,9
251,L,-0.0,1.0,9,9
252,V,0.9182958340544896,0.7875263507644215,9,9
253,D,-0.0,1.0,9,9
254,V,1.3516441151533924,0.6872589998079043,9,9
255,P,-0.0,1.0,9,9
256,K,-0.0,1.0,9,9
257,D,-0.0,1.0,9,9
258,I,-0.0,1.0,9,9
259,Q,-0.0,1.0,9,9
260,Q,-0.0,1.0,9,9
261,Q,-0.0,1.0,9,9
262,L,1.224394445405986,0.7167018010192286,9,9
263,A,0.9910760598382222,0.7706865921692176,9,9
264,I,0.9910760598382222,0.7706865921692176,9,9
265,P,-0.0,1.0,9,9
266,N,1.657742726504889,0.6164344500627115,9,9
267,W,-0.0,1.0,9,9
268,E,0.7642045065086203,0.8231797267954,9,9
269,Q,1.879964948727111,0.5650170693605427,9,9
270,A,0.5032583347756457,0.8835569857418553,9,9
271,M,1.224394445405986,0.7167018010192286,9,9
272,R,1.3516441151533924,0.6872589998079043,9,9
273,L,-0.0,1.0,9,9
274,P,0.7642045065086203,0.8231797267954,9,9
275,G,-0.0,1.0,9,9
276,Y,-0.0,1.0,9,9
277,M,1.4355205042826666,0.6678518307648802,9,9
278,S,0.5032583347756457,0.8835569857418553,9,9
279,R,-0.0,1.0,9,9
280,M,0.5032583347756457,0.8835569857418553,9,9
281,P,-0.0,1.0,9,9
282,K,0.5032583347756457,0.8835569857418553,9,9
283,P,1.8365916681089791,0.5750527015288429,9,9
284,P,0.9864267287308425,0.7717623460932312,9,9
285,E,1.5304930567574826,0.6458772512740358,9,9
286,D,1.879964948727111,0.5650170693605427,9,9
287,S,2.5032583347756456,0.42080055942233696,9,9
288,H,0.9182958340544896,0.7875263507644215,9,9
289,L,-0.0,1.0,9,9
290,E,0.7642045065086203,0.8231797267954,9,9
291,Q,0.9864267287308425,0.7717623460932312,9,9
292,I,0.7642045065086203,0.8231797267954,9,9
293,V,0.9864267287308425,0.7717623460932312,9,9
294,R,-0.0,1.0,9,9
295,L,-0.0,1.0,9,9
296,I,1.3921472236645345,0.6778874629331804,9,9
297,S,1.3516441151533924,0.6872589998079043,9,9
298,E,0.5032583347756457,0.8835569857418553,9,9
299,S,0.5032583347756457,0.8835569857418553,9,9
300,K,0.9864267287308425,0.7717623460932312,9,9
301,K,0.9182958340544896,0.7875263507644215,9,9
302,P,-0.0,1.0,9,9
303,V,-0.0,1.0,9,9
304,L,-0.0,1.0,9,9
305,Y,-0.0,1.0,9,9
306,V,0.5032583347756457,0.8835569857418553,9,9
307,G,-0.0,1.0,9,9
308,G,-0.0,1.0,9,9
309,G,-0.0,1.0,9,9
310,C,-0.0,1.0,9,9
311,L,1.3516441151533924,0.6872589998079043,9,9
312,N,1.4355205042826666,0.6678518307648802,9,9
313,S,-0.0,1.0,9,9
314,S,0.7642045065086203,0.8231797267954,9,9
315,D,0.9864267287308425,0.7717623460932312,9,9
316,E,0.5032583347756457,0.8835569857418553,9,9
317,L,-0.0,1.0,9,9
318,G,0.5032583347756457,0.8835569857418553,9,9
319,R,0.5032583347756457,0.8835569857418553,9,9
320,F,-0.0,1.0,9,9
321,V,-0.0,1.0,9,9
322,E,-0.0,1.0,9,9
323,L,-0.0,1.0,9,9
324,T,-0.0,1.0,9,9
325,G,-0.0,1.0,9,9
326,I,0.5032583347756457,0.8835569857418553,9,9
327,P,-0.0,1.0,9,9
328,V,-0.0,1.0,9,9
329,A,0.7642045065086203,0.8231797267954,9,9
330,S,0.7642045065086203,0.8231797267954,9,9
331,T,-0.0,1.0,9,9
332,L,-0.0,1.0,9,9
333,M,-0.0,1.0,9,9
334,G,-0.0,1.0,9,9
335,L,0.5032583347756457,0.8835569857418553,9,9
336,G,-0.0,1.0,9,9
337,S,1.4355205042826666,0.6678518307648802,9,9
338,Y,0.9182958340544896,0.7875263507644215,9,9
339,P,-0.0,1.0,9,9
340,C,2.197159723424149,0.4916251091675298,9,9
341,D,2.113283334294875,0.5110322782105539,9,9
342,D,-0.0,1.0,9,9
343,E,1.224394445405986,0.7167018010192286,9,9
344,L,0.5032583347756457,0.8835569857418553,9,9
345,S,-0.0,1.0,9,9
346,L,-0.0,1.0,9,9
347,H,1.8910611120726526,0.5624496589127226,9,9
348,M,-0.0,1.0,9,9
349,L,-0.0,1.0,9,9
350,G,-0.0,1.0,9,9
351,M,-0.0,1.0,9,9
352,H,-0.0,1.0,9,9
353,G,-0.0,1.0,9,9
354,T,-0.0,1.0,9,9
355,V,-0.0,1.0,9,9
356,Y,-0.0,1.0,9,9
357,A,-0.0,1.0,9,9
358,N,-0.0,1.0,9,9
359,Y,-0.0,1.0,9,9
360,A,-0.0,1.0,9,9
361,V,-0.0,1.0,9,9
362,E,0.5032583347756457,0.8835569857418553,9,9
363,H,1.657742726504889,0.6164344500627115,9,9
364,S,0.9910760598382222,0.7706865921692176,9,9
365,D,-0.0,1.0,9,9
366,L,0.5032583347756457,0.8835569857418553,9,9
367,L,-0.0,1.0,9,9
368,L,-0.0,1.0,9,9
369,A,-0.0,1.0,9,9
370,F,0.7642045065086203,0.8231797267954,9,9
371,G,-0.0,1.0,9,9
372,V,-0.0,1.0,9,9
373,R,-0.0,1.0,9,9
374,F,-0.0,1.0,9,9
375,D,-0.0,1.0,9,9
376,D,-0.0,1.0,9,9
377,R,-0.0,1.0,9,9
378,V,-0.0,1.0,9,9
379,T,-0.0,1.0,9,9
380,G,-0.0,1.0,9,9
381,K,-0.0,1.0,9,9
382,L,0.9864267287308425,0.7717623460932312,9,9
383,E,-0.0,1.0,9,9
384,A,-0.0,1.0,9,9
385,F,-0.0,1.0,9,9
386,A,-0.0,1.0,9,9
387,S,-0.0,1.0,9,9
388,R,-0.0,1.0,9,9
389,A,-0.0,1.0,9,9
390,K,-0.0,1.0,9,9
391,I,-0.0,1.0,9,9
392,V,-0.0,1.0,9,9
393,H,-0.0,1.0,9,9
394,I,0.7642045065086203,0.8231797267954,9,9
395,D,-0.0,1.0,9,9
396,I,-0.0,1.0,9,9
397,D,-0.0,1.0,9,9
398,S,0.7642045065086203,0.8231797267954,9,9
399,A,0.5032583347756457,0.8835569857418553,9,9
400,E,-0.0,1.0,9,9
401,I,0.5032583347756457,0.8835569857418553,9,9
402,G,-0.0,1.0,9,9
403,K,-0.0,1.0,9,9
404,N,-0.0,1.0,9,9
405,K,-0.0,1.0,9,9
406,T,0.5032583347756457,0.8835569857418553,9,9
407,P,-0.0,1.0,9,9
408,H,-0.0,1.0,9,9
409,V,-0.0,1.0,9,9
410,S,-0.0,1.0,9,9
411,V,0.9182958340544896,0.7875263507644215,9,9
412,C,-0.0,1.0,9,9
413,G,0.9182958340544896,0.7875263507644215,9,9
414,D,-0.0,1.0,9,9
415,V,1.224394445405986,0.7167018010192286,9,9
416,K,-0.0,1.0,9,9
417,L,0.7642045065086203,0.8231797267954,9,9
418,A,-0.0,1.0,9,9
419,L,-0.0,1.0,9,9
420,Q,0.9864267287308425,0.7717623460932312,9,9
421,G,0.5032583347756457,0.8835569857418553,9,9
422,M,1.5304930567574826,0.6458772512740358,9,9
423,N,-0.0,1.0,9,9
424,K,1.8365916681089791,0.5750527015288429,9,9
425,V,1.657742726504889,0.6164344500627115,9,9
426,L,-0.0,1.0,9,9
427,E,-0.0,1.0,9,9
428,N,1.657742726504889,0.6164344500627115,9,9
429,R,1.657742726504889,0.6164344500627115,9,9
430,A,2.5032583347756456,0.42080055942233696,9,9
431,E,2.0588138903312014,0.5236353208266742,9,9
432,E,1.657742726504889,0.6164344500627115,9,9
433,L,2.197159723424149,0.4916251091675298,9,9
434,K,1.224394445405986,0.7167018010192286,9,9
435,L,0.9864267287308425,0.7717623460932312,9,9
436,D,-0.0,1.0,9,9
437,F,-0.0,1.0,9,9
438,G,1.4355205042826666,0.6678518307648802,9,9
439,V,2.2810361125534233,0.4722179401245057,9,9
440,W,-0.0,1.0,9,9
441,R,0.5032583347756457,0.8835569857418553,9,9
442,N,2.0588138903312014,0.5236353208266742,9,9
443,E,-0.0,1.0,9,9
444,L,-0.0,1.0,9,9
445,N,2.0588138903312014,0.5236353208266742,9,9
446,V,1.4466166676282082,0.66528442031706,9,9
447,Q,0.5032583347756457,0.8835569857418553,9,9
448,K,-0.0,1.0,9,9
449,Q,2.197159723424149,0.4916251091675298,9,9
450,K,1.3516441151533924,0.6872589998079043,9,9
451,F,1.224394445405986,0.7167018010192286,9,9
452,P,-0.0,1.0,9,9
453,L,-0.0,1.0,9,9
454,S,1.4355205042826666,0.6678518307648802,9,9
455,F,0.9182958340544896,0.7875263507644215,9,9
456,K,0.5032583347756457,0.8835569857418553,9,9
457,T,-0.0,1.0,9,9
458,F,0.5032583347756457,0.8835569857418553,9,9
459,G,0.9864267287308425,0.7717623460932312,9,9
460,E,0.9910760598382222,0.7706865921692176,9,9
461,A,0.9182958340544896,0.7875263507644215,9,9
462,I,-0.0,1.0,9,9
463,P,0.9864267287308425,0.7717623460932312,9,9
464,P,-0.0,1.0,9,9
465,Q,-0.0,1.0,9,9
466,Y,-0.0,1.0,9,9
467,A,-0.0,1.0,9,9
468,I,-0.0,1.0,9,9
469,K,0.5032583347756457,0.8835569857418553,9,9
470,V,-0.0,1.0,9,9
471,L,-0.0,1.0,9,9
472,D,-0.0,1.0,9,9
473,E,-0.0,1.0,9,9
474,L,0.5032583347756457,0.8835569857418553,9,9
475,T,-0.0,1.0,9,9
476,D,1.4355205042826666,0.6678518307648802,9,9
477,G,-0.0,1.0,9,9
478,K,1.8365916681089791,0.5750527015288429,9,9
479,A,-0.0,1.0,9,9
480,I,0.5032583347756457,0.8835569857418553,9,9
481,I,0.9182958340544896,0.7875263507644215,9,9
482,S,0.9864267287308425,0.7717623460932312,9,9
483,T,-0.0,1.0,9,9
484,G,-0.0,1.0,9,9
485,V,-0.0,1.0,9,9
486,G,-0.0,1.0,9,9
487,Q,-0.0,1.0,9,9
488,H,-0.0,1.0,9,9
489,Q,-0.0,1.0,9,9
490,M,-0.0,1.0,9,9
491,W,-0.0,1.0,9,9
492,A,-0.0,1.0,9,9
493,A,0.5032583347756457,0.8835569857418553,9,9
494,Q,-0.0,1.0,9,9
495,F,1.5304930567574826,0.6458772512740358,9,9
496,Y,-0.0,1.0,9,9
497,N,1.224394445405986,0.7167018010192286,9,9
498,Y,-0.0,1.0,9,9
499,K,0.9910760598382222,0.7706865921692176,9,9
500,K,1.5304930567574826,0.6458772512740358,9,9
501,P,-0.0,1.0,9,9
502,R,-0.0,1.0,9,9
503,Q,-0.0,1.0,9,9
504,W,-0.0,1.0,9,9
505,L,-0.0,1.0,9,9
506,S,0.9182958340544896,0.7875263507644215,9,9
507,S,-0.0,1.0,9,9
508,G,0.7642045065086203,0.8231797267954,9,9
509,G,-0.0,1.0,9,9
510,L,-0.0,1.0,9,9
511,G,-0.0,1.0,9,9
512,A,-0.0,1.0,9,9
513,M,-0.0,1.0,9,9
514,G,-0.0,1.0,9,9
515,F,-0.0,1.0,9,9
516,G,-0.0,1.0,9,9
517,L,-0.0,1.0,9,9
518,P,-0.0,1.0,9,9
519,A,-0.0,1.0,9,9
520,A,-0.0,1.0,9,9
521,I,0.7642045065086203,0.8231797267954,9,9
522,G,-0.0,1.0,9,9
523,A,-0.0,1.0,9,9
524,S,0.7642045065086203,0.8231797267954,9,9
525,V,-0.0,1.0,9,9
526,A,0.7642045065086203,0.8231797267954,9,9
527,N,0.9910760598382222,0.7706865921692176,9,9
528,P,-0.0,1.0,9,9
529,D,0.9910760598382222,0.7706865921692176,9,9
530,A,1.657742726504889,0.6164344500627115,9,9
531,I,1.5304930567574826,0.6458772512740358,9,9
532,V,-0.0,1.0,9,9
533,V,-0.0,1.0,9,9
534,D,-0.0,1.0,9,9
535,I,-0.0,1.0,9,9
536,D,-0.0,1.0,9,9
537,G,-0.0,1.0,9,9
538,D,-0.0,1.0,9,9
539,G,-0.0,1.0,9,9
540,S,-0.0,1.0,9,9
541,F,0.5032583347756457,0.8835569857418553,9,9
542,I,0.7642045065086203,0.8231797267954,9,9
543,M,-0.0,1.0,9,9
544,N,-0.0,1.0,9,9
545,V,0.7642045065086203,0.8231797267954,9,9
546,Q,-0.0,1.0,9,9
547,E,-0.0,1.0,9,9
548,L,-0.0,1.0,9,9
549,A,-0.0,1.0,9,9
550,T,0.7642045065086203,0.8231797267954,9,9
551,I,0.5032583347756457,0.8835569857418553,9,9
552,R,0.9182958340544896,0.7875263507644215,9,9
553,V,0.5032583347756457,0.8835569857418553,9,9
554,E,-0.0,1.0,9,9
555,Q,1.4466166676282082,0.66528442031706,9,9
556,L,-0.0,1.0,9,9
557,P,-0.0,1.0,9,9
558,V,-0.0,1.0,9,9
559,K,-0.0,1.0,9,9
560,I,0.7642045065086203,0.8231797267954,9,9
561,L,1.224394445405986,0.7167018010192286,9,9
562,L,0.7642045065086203,0.8231797267954,9,9
563,L,-0.0,1.0,9,9
564,N,-0.0,1.0,9,9
565,N,-0.0,1.0,9,9
566,Q,-0.0,1.0,9,9
567,H,-0.0,1.0,9,9
568,L,-0.0,1.0,9,9
569,G,-0.0,1.0,9,9
570,M,-0.0,1.0,9,9
571,V,-0.0,1.0,9,9
572,M,0.5032583347756457,0.8835569857418553,9,9
573,Q,-0.0,1.0,9,9
574,W,-0.0,1.0,9,9
575,E,-0.0,1.0,9,9
576,D,-0.0,1.0,9,9
577,R,-0.0,1.0,9,9
578,F,-0.0,1.0,9,9
579,Y,-0.0,1.0,9,9
580,K,0.5032583347756457,0.8835569857418553,9,9
581,A,0.5032583347756457,0.8835569857418553,9,9
582,N,-0.0,1.0,9,9
583,R,-0.0,1.0,9,9
584,A,-0.0,1.0,9,9
585,H,-0.0,1.0,9,9
586,T,-0.0,1.0,9,9
587,F,0.5032583347756457,0.8835569857418553,9,9
588,L,-0.0,1.0,9,9
589,G,-0.0,1.0,9,9
590,D,0.9182958340544896,0.7875263507644215,9,9
591,P,-0.0,1.0,9,9
592,A,1.224394445405986,0.7167018010192286,9,9
593,Q,1.4466166676282082,0.66528442031706,9,9
594,E,1.224394445405986,0.7167018010192286,9,9
595,D,2.4193819456463714,0.44020772846536105,9,9
596,E,0.9864267287308425,0.7717623460932312,9,9
597,I,0.5032583347756457,0.8835569857418553,9,9
598,F,0.7642045065086203,0.8231797267954,9,9
599,P,-0.0,1.0,9,9
600,N,0.9910760598382222,0.7706865921692176,9,9
601,M,0.7642045065086203,0.8231797267954,9,9
602,L,0.7642045065086203,0.8231797267954,9,9
603,L,1.224394445405986,0.7167018010192286,9,9
604,F,0.7642045065086203,0.8231797267954,9,9
605,A,-0.0,1.0,9,9
606,A,1.879964948727111,0.5650170693605427,9,9
607,A,0.7642045065086203,0.8231797267954,9,9
608,C,0.7642045065086203,0.8231797267954,9,9
609,G,1.224394445405986,0.7167018010192286,9,9
610,I,0.7642045065086203,0.8231797267954,9,9
611,P,-0.0,1.0,9,9
612,A,0.5032583347756457,0.8835569857418553,9,9
613,A,0.5032583347756457,0.8835569857418553,9,9
614,R,-0.0,1.0,9,9
615,V,0.5032583347756457,0.8835569857418553,9,9
616,T,0.7642045065086203,0.8231797267954,9,9
617,K,1.8365916681089791,0.5750527015288429,9,9
618,K,1.4355205042826666,0.6678518307648802,9,9
619,A,2.4193819456463714,0.44020772846536105,9,9
620,D,0.7642045065086203,0.8231797267954,9,9
621,L,0.7642045065086203,0.8231797267954,9,9
622,R,-0.0,1.0,9,9
623,E,0.5032583347756457,0.8835569857418553,9,9
624,A,-0.0,1.0,9,9
625,I,0.5032583347756457,0.8835569857418553,9,9
626,Q,0.9864267287308425,0.7717623460932312,9,9
627,T,1.3516441151533924,0.6872589998079043,9,9
628,M,-0.0,1.0,9,9
629,L,0.5032583347756457,0.8835569857418553,9,9
630,D,1.4466166676282082,0.66528442031706,9,9
631,T,0.5032583347756457,0.8835569857418553,9,9
632,P,-0.0,1.0,9,9
633,G,-0.0,1.0,9,9
634,P,-0.0,1.0,9,9
635,Y,-0.0,1.0,9,9
636,L,-0.0,1.0,9,9
637,L,-0.0,1.0,9,9
638,D,-0.0,1.0,9,9
639,V,0.5032583347756457,0.8835569857418553,9,9
640,I,0.5032583347756457,0.8835569857418553,9,9
641,C,0.5032583347756457,0.8835569857418553,9,9
642,P,-0.0,1.0,9,9
643,H,-0.0,1.0,9,9
644,Q,-0.0,1.0,9,9
645,E,-0.0,1.0,9,9
646,H,-0.0,1.0,9,9
647,V,-0.0,1.0,9,9
648,L,-0.0,1.0,9,9
649,P,-0.0,1.0,9,9
650,M,-0.0,1.0,9,9
651,I,-0.0,1.0,9,9
652,P,-0.0,1.0,9,9
653,S,-0.0,1.0,9,9
654,G,0.7642045065086203,0.8231797267954,9,9
655,G,0.7642045065086203,0.8231797267954,9,9
656,T,1.224394445405986,0.7167018010192286,9,9
657,F,-0.0,1.0,9,9
658,N,0.9864267287308425,0.7717623460932312,9,9
659,D,-0.0,1.0,9,9
660,V,1.657742726504889,0.6164344500627115,9,9
661,I,-0.0,1.0,9,9
662,T,0.9864267287308425,0.7717623460932312,9,9
663,E,0.7642045065086203,0.8231797267954,9,9
664,G,-0.0,1.0,9,9
665,D,-0.0,1.0,9,9
666,G,-0.0,1.0,9,9
667,R,-0.0,1.0,9,9
668,I,2.0588138903312014,0.5236353208266742,9,9
669,K,1.657742726504889,0.6164344500627115,9,9
670,Y,-0.0,1.0,9,9
