position,residue_name,in_active_site_core,distance_to_active_site_core_A,distance_to_nearest_other_core_residue_A,sasa_A2,max_sasa_tien2013_A2,rsa_tien2013,percentile_rank_distance_to_core
2,GLY,False,13.118508794828779,13.118508794828779,66.24789525960327,104,0.636999,51.46726862302483
3,ALA,False,15.967633450201694,15.967633450201694,106.54715673439986,129,0.825947,70.20316027088036
4,GLU,False,14.247550982537314,14.247550982537314,129.8556379410317,223,0.582312,58.01354401805869
5,GLU,False,13.7705484277134,13.7705484277134,103.12726609559184,223,0.462454,55.75620767494357
6,ILE,False,14.429826679485792,14.429826679485792,60.38141080199581,197,0.306505,59.81941309255079
7,VAL,False,16.49884947503916,16.49884947503916,94.56061416815048,174,0.543452,74.49209932279909
8,LEU,False,16.007840891263257,16.007840891263257,16.101709547198883,201,0.080108,70.42889390519187
9,GLN,False,19.28368846979229,19.28368846979229,109.42291828961841,225,0.486324,85.55304740406321
10,PRO,False,19.766758307825793,19.766758307825793,36.2781275979568,159,0.228164,88.26185101580135
11,ILE,False,18.874835760874845,18.874835760874845,4.528605810149686,197,0.022988,84.19864559819413
12,LYS,False,21.804560440421632,21.804560440421632,83.87581669785484,236,0.355406,94.5823927765237
13,GLU,False,20.815313041124316,20.815313041124316,68.2069505504798,223,0.305861,91.87358916478556
14,ILE,False,18.34630177992284,18.34630177992284,0.5031784233499651,197,0.002554,82.39277652370203
15,SER,False,20.474539652944582,20.474539652944582,18.610145617384187,155,0.120065,91.19638826185101
16,GLY,False,21.122613782389717,21.122613782389717,23.279887477496395,104,0.223845,92.7765237020316
17,THR,False,20.412140652072726,20.412140652072726,98.74447207247074,172,0.574096,90.51918735891648
18,VAL,False,16.840214398872718,16.840214398872718,4.528605810149686,174,0.026026,75.39503386004515
19,LYS,False,15.025666241468295,15.025666241468295,85.72928829563199,236,0.363260,63.88261851015801
20,LEU,False,11.458395742860342,11.458395742860342,6.316135378127987,201,0.031424,43.11512415349887
21,PRO,False,8.87106983401664,8.87106983401664,22.59551246186288,159,0.142110,30.474040632054177
22,GLY,False,6.39047306543107,6.39047306543107,3.189632841250938,104,0.030670,21.896162528216703
23,SER,False,3.809985957979373,3.809985957979373,0.892882520052267,155,0.005761,9.255079006772009
24,LYS,True,0.0,3.8172370898334305,3.379699196793119,236,0.014321,5.8690744920993225
25,SER,True,0.0,3.8172370898334305,10.780547978389324,155,0.069552,5.8690744920993225
26,LEU,False,3.811324835277097,3.811324835277097,5.031784233499651,201,0.025034,9.48081264108352
27,SER,False,5.137605473369865,5.137605473369865,0.0,155,0.000000,14.89841986455982
28,ASN,False,3.8224591560931036,3.8224591560931036,2.8488590501282958,195,0.014610,11.738148984198645
29,ARG,True,0.0,6.33265394601663,11.601116271543708,274,0.042340,5.8690744920993225
30,ILE,False,3.8130877251907016,3.8130877251907016,4.528605810149686,197,0.022988,9.932279909706546
31,LEU,False,5.445322488154398,5.445322488154398,0.0,201,0.000000,17.155756207674944
32,LEU,False,5.2657060305337975,5.2657060305337975,2.0127136933998604,201,0.010014,15.575620767494357
33,LEU,False,6.1600208603542885,6.1600208603542885,0.0,201,0.000000,20.767494356659142
34,ALA,False,8.410691172549377,8.410691172549377,0.0,129,0.000000,28.442437923250566
35,ALA,False,9.782446013140067,9.782446013140067,0.0,129,0.000000,36.11738148984199
36,LEU,False,10.722051203011484,10.722051203011484,3.5222489634497554,201,0.017524,39.05191873589165
37,SER,False,12.297543250584647,12.297543250584647,0.0,155,0.000000,46.72686230248307
38,GLU,False,15.804316467345243,15.804316467345243,128.4904169655122,223,0.576190,69.3002257336343
39,GLY,False,16.84457927643193,16.84457927643193,35.734176537950994,104,0.343598,75.62076749435666
40,THR,False,15.403009770820766,15.403009770820766,60.795865412820646,172,0.353464,66.36568848758465
41,THR,False,12.756121079701305,12.756121079701305,0.0,172,0.000000,49.20993227990971
42,VAL,False,13.599232515109078,13.599232515109078,24.465676388606106,174,0.140607,54.401805869074494
43,VAL,False,11.058975495044738,11.058975495044738,0.0,174,0.000000,40.63205417607224
44,ASP,False,12.943811803329032,12.943811803329032,51.469131322782054,193,0.266679,50.56433408577878
45,ASN,False,10.754321828920688,10.754321828920688,22.744057434500128,195,0.116636,39.27765237020316
46,LEU,False,8.480654809624076,8.480654809624076,21.118581687569495,201,0.105068,28.668171557562076
47,LEU,False,6.3429295282227445,6.3429295282227445,7.65369463033262,201,0.038078,21.670428893905193
48,ASN,False,8.61362705252555,8.61362705252555,98.41654739530131,195,0.504700,29.119638826185103
49,SER,False,5.5127791539295306,5.5127791539295306,0.5031784233499651,155,0.003246,17.607223476297968
50,GLU,False,3.809186264807748,3.809186264807748,67.95485344799249,223,0.304730,9.029345372460497
51,ASP,True,0.0,5.011904827508199,2.678647560156801,193,0.013879,5.8690744920993225
52,VAL,False,3.815883252931096,3.815883252931096,0.0,174,0.000000,11.060948081264108
53,HIS,False,5.485872583281532,5.485872583281532,83.23681675211466,224,0.371593,17.381489841986458
54,TYR,False,5.315489535310929,5.315489535310929,62.001509189501036,263,0.235747,16.02708803611738
55,MET,False,6.685415245143714,6.685415245143714,0.0,224,0.000000,22.799097065462753
56,LEU,False,8.86633030063735,8.86633030063735,19.623958510648638,201,0.097632,30.248306997742663
57,GLY,False,10.00187127491651,10.00187127491651,29.40384116102878,104,0.282729,36.3431151241535
58,ALA,False,10.921277626724814,10.921277626724814,3.9303942090286297,129,0.030468,39.729119638826184
59,LEU,False,12.117418454439875,12.117418454439875,0.5031784233499651,201,0.002503,46.50112866817156
60,ARG,False,14.461723099271397,14.461723099271397,112.9523353203061,274,0.412235,60.72234762979684
61,THR,False,15.466217701817078,15.466217701817078,67.90380780335941,172,0.394790,66.59142212189616
62,LEU,False,15.614758979888226,15.614758979888226,0.0,201,0.000000,67.72009029345372
63,GLY,False,17.774497095558004,17.774497095558004,37.5801711452126,104,0.361348,79.23250564334086
64,LEU,False,15.246048176494787,15.246048176494787,10.332342190489422,201,0.051405,65.91422121896163
65,SER,False,16.465857858004238,16.465857858004238,72.53701817689812,155,0.467981,73.81489841986456
66,VAL,False,14.43640474633487,14.43640474633487,13.741467638471168,174,0.078974,60.0451467268623
67,GLU,False,17.198929443427577,17.198929443427577,61.901931174357756,223,0.277587,77.20090293453724
68,ALA,False,16.120074379481007,16.120074379481007,75.7415631112781,129,0.587144,71.33182844243792
69,ASP,False,17.715287014327483,17.715287014327483,68.73602616927086,193,0.356145,78.78103837471784
70,LYS,False,15.784220759986853,15.784220759986853,185.4089653771866,236,0.785631,68.84875846501129
71,ALA,False,17.793266282501367,17.793266282501367,101.67777713312753,129,0.788200,79.45823927765237
72,ALA,False,16.925337367390934,16.925337367390934,51.863511156550445,129,0.402043,75.84650112866817
73,LYS,False,13.125433478556051,13.125433478556051,103.23312729604228,236,0.437429,51.693002257336346
74,ARG,False,14.296545526804717,14.296545526804717,94.9804880263028,274,0.346644,58.690744920993225
75,ALA,False,13.791799955045752,13.791799955045752,2.5158921167498254,129,0.019503,55.98194130925508
76,VAL,False,14.365478829471716,14.365478829471716,30.190705400997906,174,0.173510,59.14221218961625
77,VAL,False,12.436934549960453,12.436934549960453,0.5031784233499651,174,0.002892,47.1783295711061
78,VAL,False,15.087610115588221,15.087610115588221,67.14222291227617,174,0.385875,65.01128668171557
79,GLY,False,13.604217801843662,13.604217801843662,19.643415441149877,104,0.188879,54.627539503386004
80,CYS,False,15.379031536478491,15.379031536478491,27.97795603136847,167,0.167533,66.13995485327314
81,GLY,False,15.772134731861758,15.772134731861758,14.066627714105465,104,0.135256,68.62302483069978
82,GLY,False,14.994005102039948,14.994005102039948,7.646238583768101,104,0.073522,63.6568848758465
83,LYS,False,17.09423277014795,17.09423277014795,90.48485846704028,236,0.383410,76.97516930022573
84,PHE,False,16.3175592844028,16.3175592844028,0.0,240,0.000000,72.46049661399549
85,PRO,False,19.37055740034344,19.37055740034344,74.64516298313852,159,0.469466,86.00451467268623
86,VAL,False,19.18823081995836,19.18823081995836,31.197062247697833,174,0.179293,85.10158013544019
87,GLU,False,19.026624924037367,19.026624924037367,44.36789623255871,223,0.198959,84.87584650112866
88,ASP,False,22.473694889803944,22.473694889803944,116.53153612257769,193,0.603790,96.61399548532731
89,SER,False,21.96123031617309,21.96123031617309,40.780438277595934,155,0.263100,95.03386004514672
90,LYS,False,23.81596592624368,23.81596592624368,188.13296706328578,236,0.797174,97.96839729119638
91,GLU,False,22.046790832227714,22.046790832227714,140.33975047261603,223,0.629326,95.25959367945823
92,GLU,False,18.64445314295917,18.64445314295917,92.25596274142805,223,0.413704,83.29571106094808
93,VAL,False,16.283015353428862,16.283015353428862,10.063568466999302,174,0.057837,72.23476297968398
94,GLN,False,14.850121076947486,14.850121076947486,122.59701429485125,225,0.544876,62.753950338600454
95,LEU,False,11.735809899619198,11.735809899619198,4.415131483502022,201,0.021966,45.146726862302486
96,PHE,False,9.10795745488526,9.10795745488526,100.82998170364203,240,0.420125,31.376975169300227
97,LEU,False,5.86627658741045,5.86627658741045,0.0,201,0.000000,19.864559819413092
98,GLY,False,3.792627848866799,3.792627848866799,0.5031784233499651,104,0.004838,6.320541760722348
99,ASN,True,0.0,3.8229446765549726,18.626110144052184,195,0.095519,5.8690744920993225
100,ALA,True,0.0,3.7883598033977712,0.0,129,0.000000,5.8690744920993225
101,GLY,True,0.0,3.7883598033977712,0.0,104,0.000000,5.8690744920993225
102,THR,True,0.0,3.8121095209870357,8.213610217006417,172,0.047754,5.8690744920993225
103,ALA,False,3.7955111645205313,3.7955111645205313,0.0,129,0.000000,6.772009029345372
104,MET,False,3.8012903072509454,3.8012903072509454,0.0,224,0.000000,7.44920993227991
105,ARG,True,0.0,5.631157873830211,5.012280179108616,274,0.018293,5.8690744920993225
106,PRO,False,3.847435769444372,3.847435769444372,14.30848846052983,159,0.089990,12.866817155756207
107,LEU,False,5.604376325694055,5.604376325694055,0.0,201,0.000000,18.73589164785553
108,THR,False,5.299780089777311,5.299780089777311,0.0,172,0.000000,15.801354401805868
109,ALA,False,6.7925456200161065,6.7925456200161065,0.0,129,0.000000,23.25056433408578
110,ALA,False,8.78433025335455,8.78433025335455,7.490939186925644,129,0.058069,29.79683972911964
111,VAL,False,10.558714363027349,10.558714363027349,0.0,174,0.000000,38.1489841986456
112,THR,False,11.789784179534417,11.789784179534417,5.1945396769066265,172,0.030201,45.372460496613996
113,ALA,False,13.379759228027984,13.379759228027984,5.860473543663567,129,0.045430,53.49887133182844
114,ALA,False,14.570861367812132,14.570861367812132,0.0,129,0.000000,61.62528216704289
115,GLY,False,14.785553929427198,14.785553929427198,0.0,104,0.000000,62.30248306997743
116,GLY,False,18.144455571882006,18.144455571882006,2.962333376775959,104,0.028484,81.7155756207675
117,ASN,False,19.60122348222172,19.60122348222172,102.1468430962473,195,0.523830,87.3589164785553
118,ALA,False,18.21899431911652,18.21899431911652,0.5031784233499651,129,0.003901,81.941309255079
119,THR,False,16.480950518704923,16.480950518704923,32.09131136055442,172,0.186577,74.26636568848758
120,TYR,False,13.279782716595932,13.279782716595932,0.0,263,0.000000,52.37020316027088
121,VAL,False,12.546203449649619,12.546203449649619,12.912427517127597,174,0.074209,47.855530474040634
122,LEU,False,9.408290705542639,9.408290705542639,0.0,201,0.000000,33.182844243792324
123,ASP,False,9.197949934632174,9.197949934632174,32.04520848836299,193,0.166037,31.82844243792325
124,GLY,False,6.00919661851732,6.00919661851732,6.696618900392003,104,0.064391,20.54176072234763
125,VAL,False,6.0021571122388995,6.0021571122388995,43.273344408096996,174,0.248697,20.31602708803612
126,PRO,False,8.482386810326442,8.482386810326442,107.95817689482092,159,0.678982,28.89390519187359
127,ARG,False,6.6197083017305225,6.6197083017305225,54.2932660387266,274,0.198151,22.34762979683973
128,MET,False,4.934630887918568,4.934630887918568,0.5031784233499651,224,0.002246,14.446952595936795
129,ARG,False,5.611871434735475,5.611871434735475,96.78964745970107,274,0.353247,18.96162528216704
130,GLU,False,3.8148861057703938,3.8148861057703938,118.25310795279387,223,0.530283,10.835214446952596
131,ARG,True,0.0,6.653221851103418,1.366985503393259,274,0.004989,5.8690744920993225
132,PRO,False,3.807240601800734,3.807240601800734,26.165278014198183,159,0.164561,8.352144469525959
133,ILE,False,6.650561254510782,6.650561254510782,0.0,197,0.000000,22.573363431151243
134,GLY,False,9.330416657363166,9.330416657363166,12.38017365376866,104,0.119040,32.27990970654628
135,ASP,False,8.065971857129183,8.065971857129183,45.47709311477391,193,0.235633,27.08803611738149
136,LEU,False,7.599875393715348,7.599875393715348,0.0,201,0.000000,25.056433408577877
137,VAL,False,9.370829739142634,9.370829739142634,5.534962656849616,174,0.031810,32.7313769751693
138,VAL,False,12.664191446752532,12.664191446752532,76.98629877254464,174,0.442450,48.75846501128668
139,GLY,False,11.956000543660075,11.956000543660075,1.366985503393259,104,0.013144,46.04966139954853
140,LEU,False,11.458943668593543,11.458943668593543,0.0,201,0.000000,43.340857787810386
141,LYS,False,14.546293445410761,14.546293445410761,88.71785920705318,236,0.375923,60.94808126410835
142,GLN,False,16.40427154737449,16.40427154737449,75.86460882354369,225,0.337176,73.36343115124153
143,LEU,False,15.898512414688366,15.898512414688366,3.5222489634497554,201,0.017524,69.75169300225734
144,GLY,False,17.50594247677057,17.50594247677057,34.02355315813257,104,0.327150,78.1038374717833
145,ALA,False,14.85419987747573,14.85419987747573,15.519425820831527,129,0.120306,62.979683972911964
146,ASP,False,15.623141329451004,15.623141329451004,63.225196179988565,193,0.327592,67.94582392776523
147,VAL,False,12.688710888029565,12.688710888029565,0.0,174,0.000000,48.98419864559819
148,ASP,False,13.310698178532936,13.310698178532936,49.56989195602986,193,0.256839,52.59593679458239
149,CYS,False,11.504794261524195,11.504794261524195,21.554786591532682,167,0.129071,43.566591422121896
150,PHE,False,14.22752434543691,14.22752434543691,91.35606923377051,240,0.380650,57.33634311512415
151,LEU,False,12.78878704178,12.78878704178,88.62068451028989,201,0.440899,49.43566591422122
152,GLY,False,12.875550900835272,12.875550900835272,68.99279900882425,104,0.663392,50.33860045146727
153,THR,False,9.39048928437704,9.39048928437704,63.030234175894535,172,0.366455,32.957110609480814
154,ASP,False,8.286890068053276,8.286890068053276,95.51328119640058,193,0.494887,27.99097065462754
155,CYS,False,5.564175590327827,5.564175590327827,12.331798362891135,167,0.073843,18.058690744920995
156,PRO,False,7.3974845048840745,7.3974845048840745,0.0,159,0.000000,24.830699774266364
157,PRO,False,10.220318047888725,10.220318047888725,1.0063568466999302,159,0.006329,37.020316027088036
158,VAL,False,10.022074585633455,10.022074585633455,0.0,174,0.000000,36.56884875846501
159,ARG,False,12.622344116684507,12.622344116684507,64.70646758813167,274,0.236155,48.306997742663654
160,VAL,False,12.49146080328478,12.49146080328478,2.5158921167498254,174,0.014459,47.40406320541761
161,ASN,False,16.142768133130083,16.142768133130083,39.574831152829844,195,0.202948,71.55756207674943
162,GLY,False,16.448953553341926,16.448953553341926,16.915486764233762,104,0.162649,73.58916478555305
163,ILE,False,19.192599250752878,19.192599250752878,92.32413006602319,197,0.468650,85.3273137697517
164,GLY,False,19.665830951170104,19.665830951170104,32.620036168165825,104,0.313654,87.58465011286681
165,GLY,False,17.24255914880387,17.24255914880387,4.691361253556662,104,0.045109,77.42663656884876
166,LEU,False,15.613085825678409,15.613085825678409,1.0063568466999302,201,0.005007,67.49435665914221
167,PRO,False,18.697420704471515,18.697420704471515,51.528779695298205,159,0.324080,83.52144469525959
168,GLY,False,17.594772121286482,17.594772121286482,15.292477167536202,104,0.147043,78.3295711060948
169,GLY,False,19.55631634536525,19.55631634536525,24.96885481195607,104,0.240085,87.13318284424379
170,LYS,False,18.04902670506086,18.04902670506086,144.07422972777903,236,0.610484,81.26410835214448
171,VAL,False,15.043579527492783,15.043579527492783,3.3612580479165475,174,0.019318,64.55981941309255
172,LYS,False,13.847265650661866,13.847265650661866,130.5423115552901,236,0.553145,56.433408577878104
173,LEU,False,10.248576779241105,10.248576779241105,2.0127136933998604,201,0.010014,37.246049661399546
174,SER,False,7.269024006013461,7.269024006013461,15.276900103962152,155,0.098561,24.604966139954854
175,GLY,False,5.689664049836334,5.689664049836334,1.5095352700498952,104,0.014515,19.187358916478555
176,SER,False,3.829966187840305,3.829966187840305,58.29413664295076,155,0.376091,12.415349887133182
177,ILE,True,0.0,3.8157097635957586,63.00332119882877,197,0.319814,5.8690744920993225
178,SER,True,0.0,3.781990613420398,3.855215896828226,155,0.024872,5.8690744920993225
179,SER,True,0.0,3.781990613420398,0.0,155,0.000000,5.8690744920993225
180,GLN,True,0.0,3.817799497092534,4.025427386799721,225,0.017891,5.8690744920993225
181,TYR,False,3.808813594808756,3.808813594808756,0.892882520052267,263,0.003395,8.577878103837472
182,LEU,False,5.3747109689731225,5.3747109689731225,2.0127136933998604,201,0.010014,16.704288939051917
183,SER,False,4.76850720876041,4.76850720876041,4.025427386799721,155,0.025970,13.318284424379232
184,ALA,False,5.8253997287739825,5.8253997287739825,0.892882520052267,129,0.006922,19.63882618510158
185,LEU,False,8.410406767808556,8.410406767808556,4.691361253556662,201,0.023340,28.216704288939052
186,LEU,False,9.527451128187435,9.527451128187435,0.0,201,0.000000,34.5372460496614
187,MET,False,8.81803407795638,8.81803407795638,8.14981494218752,224,0.036383,30.02257336343115
188,ALA,False,10.917236738296006,10.917236738296006,3.9779107979141752,129,0.030837,39.503386004514674
189,ALA,False,13.766707849010235,13.766707849010235,1.5095352700498954,129,0.011702,55.53047404063206
190,PRO,False,14.776281027376271,14.776281027376271,0.0,159,0.000000,62.07674943566592
191,LEU,False,15.643860457061104,15.643860457061104,20.940914151033482,201,0.104184,68.39729119638827
192,ALA,False,16.937851752805017,16.937851752805017,2.678647560156801,129,0.020765,76.07223476297969
193,LEU,False,20.446844793268227,20.446844793268227,123.04139781168927,201,0.612146,90.9706546275395
194,GLY,False,21.386870434918713,21.386870434918713,21.636672204048498,104,0.208045,93.45372460496614
195,ASP,False,20.329676116455964,20.329676116455964,77.4266034549208,193,0.401174,89.84198645598194
196,VAL,False,16.985161435794478,16.985161435794478,5.64098093693276,174,0.032419,76.52370203160271
197,GLU,False,16.379968406562938,16.379968406562938,42.59880781345698,223,0.191026,73.13769751693002
198,ILE,False,13.01295097201246,13.01295097201246,0.5031784233499651,197,0.002554,51.01580135440181
199,GLU,False,13.332314127712412,13.332314127712412,50.01809774392976,223,0.224296,53.04740406320542
200,ILE,False,10.611627679107482,10.611627679107482,12.670566770703232,197,0.064318,38.82618510158014
201,ILE,False,12.041531339493329,12.041531339493329,100.45510592426467,197,0.509924,46.27539503386004
202,ASP,False,9.560269504569419,9.560269504569419,62.90184775611783,193,0.325916,34.988713318284425
203,LYS,False,6.334930938850083,6.334930938850083,63.285944109933475,236,0.268161,21.44469525959368
204,LEU,False,3.8054735579162817,3.8054735579162817,29.88535306704449,201,0.148683,7.6749435665914225
205,ILE,True,0.0,3.832892119535847,16.604887970548848,197,0.084289,5.8690744920993225
206,SER,True,0.0,3.832892119535847,0.4464412600261335,155,0.002880,5.8690744920993225
207,ILE,False,3.793000527287071,3.793000527287071,45.62824560931361,197,0.231615,6.54627539503386
208,PRO,False,3.8223942758433482,3.8223942758433482,21.466460714077,159,0.135009,11.512415349887133
209,TYR,True,0.0,6.094211105631313,11.28941792043004,263,0.042926,5.8690744920993225
210,VAL,False,3.8059559902868028,3.8059559902868028,0.0,174,0.000000,7.900677200902934
211,GLU,False,5.328321780823676,5.328321780823676,85.01641903463042,223,0.381240,16.478555304740407
212,MET,False,4.791451867649301,4.791451867649301,2.0127136933998604,224,0.008985,13.544018058690744
213,THR,False,6.167106614937023,6.167106614937023,0.9496196833760986,172,0.005521,20.993227990970656
214,LEU,False,8.646214547419003,8.646214547419003,16.881117740603486,201,0.083986,29.345372460496613
215,ARG,False,9.728977541345236,9.728977541345236,111.58855424141953,274,0.407257,35.89164785553047
216,LEU,False,7.674621814786704,7.674621814786704,15.095352700498951,201,0.075101,25.28216704288939
217,MET,False,9.07140319906463,9.07140319906463,1.0063568466999302,224,0.004493,31.151241534988714
218,GLU,False,12.326075328343569,12.326075328343569,111.32954039910652,223,0.499236,46.95259593679458
219,ARG,False,11.392857806538268,11.392857806538268,131.37526819547514,274,0.479472,42.88939051918736
220,PHE,False,10.932623701564049,10.932623701564049,2.0127136933998604,240,0.008386,39.9548532731377
221,GLY,False,14.350935126325389,14.350935126325389,41.63895177401794,104,0.400375,58.91647855530474
222,VAL,False,13.932423335514898,13.932423335514898,8.26289133376573,174,0.047488,56.88487584650113
223,LYS,False,16.08985599686958,16.08985599686958,122.8967955378323,236,0.520749,70.8803611738149
224,ALA,False,15.033300136696532,15.033300136696532,16.002749378610805,129,0.124052,64.10835214446952
225,GLU,False,15.471586247053015,15.471586247053015,87.78908399093365,223,0.393673,66.81715575620767
226,HIS,False,14.246302257077096,14.246302257077096,65.69647244506967,224,0.293288,57.78781038374718
227,SER,False,16.086479384874742,16.086479384874742,22.139850627398463,155,0.142838,70.65462753950338
228,ASP,False,15.96619961042702,15.96619961042702,155.38753946033964,193,0.805117,69.97742663656885
229,SER,False,13.184888547120904,13.184888547120904,77.79222200794557,155,0.501885,51.918735891647856
230,TRP,False,11.130766640263376,11.130766640263376,52.61599590091379,285,0.184618,41.309255079006775
231,ASP,False,11.658751090918786,11.658751090918786,54.991380286231816,193,0.284929,44.69525959367946
232,ARG,False,13.703883756074406,13.703883756074406,74.88208619310902,274,0.273292,55.30474040632054
233,PHE,False,13.323635427314873,13.323635427314873,1.0063568466999302,240,0.004193,52.8216704288939
234,TYR,False,16.476492891389235,16.476492891389235,100.12959503745073,263,0.380721,74.04063205417607
235,ILE,False,16.688822726603576,16.688822726603576,2.9240373623286997,197,0.014843,74.94356659142213
236,LYS,False,19.7302978436718,19.7302978436718,121.15748418109884,236,0.513379,87.81038374717834
237,GLY,False,19.458705738049485,19.458705738049485,21.7696034611974,104,0.209323,86.68171557562077
238,GLY,False,20.041465864551924,20.041465864551924,68.02473817657159,104,0.654084,89.16478555304741
239,GLN,False,17.442109992773236,17.442109992773236,31.174694108004278,225,0.138554,77.87810383747178
240,LYS,False,15.795673869765734,15.795673869765734,83.06096086734222,236,0.351953,69.0744920993228
241,TYR,False,12.51790853138015,12.51790853138015,4.464412600261335,263,0.016975,47.62979683972912
242,LYS,False,14.003666198535296,14.003666198535296,101.74734770244126,236,0.431133,57.11060948081264
243,SER,False,12.559816439741468,12.559816439741468,21.987682351234092,155,0.141856,48.081264108352144
244,PRO,False,13.662948656860271,13.662948656860271,26.58935113453076,159,0.167229,54.853273137697514
245,LYS,False,14.899547006536807,14.899547006536807,109.86450055300698,236,0.465528,63.205417607223474
246,ASN,False,13.822534970113116,13.822534970113116,90.14827870211019,195,0.462299,56.207674943566595
247,ALA,False,11.070402160716654,11.070402160716654,10.956450987051568,129,0.084934,41.08352144469526
248,TYR,False,11.79627309788986,11.79627309788986,153.67708363212938,263,0.584324,45.598194130925506
249,VAL,False,8.772556069926253,8.772556069926253,0.5031784233499651,174,0.002892,29.571106094808126
250,GLU,False,9.192520329050133,9.192520329050133,29.27545474125208,223,0.131280,31.602708803611737
251,GLY,False,8.910355155660183,8.910355155660183,0.5031784233499651,104,0.004838,30.69977426636569
252,ASP,False,6.769265912933248,6.769265912933248,4.017971340235202,193,0.020819,23.024830699774267
253,ALA,False,9.613010662638422,9.613010662638422,3.6850044068567316,129,0.028566,35.44018058690745
254,SER,False,6.828541498738951,6.828541498738951,9.821707720574938,155,0.063366,23.47629796839729
255,SER,False,8.921094215397572,8.921094215397572,0.4464412600261335,155,0.002880,30.9255079006772
256,ALA,False,11.551313128817865,11.551313128817865,0.5031784233499651,129,0.003901,44.01805869074492
257,SER,False,9.636406591670985,9.636406591670985,0.5031784233499651,155,0.003246,35.66591422121896
258,TYR,False,9.465792412682628,9.465792412682628,0.892882520052267,263,0.003395,33.63431151241535
259,PHE,False,13.009570323419602,13.009570323419602,0.0,240,0.000000,50.79006772009029
260,LEU,False,14.452716734233741,14.452716734233741,9.560390043649337,201,0.047564,60.496613995485326
261,ALA,False,13.447608300363301,13.447608300363301,0.0,129,0.000000,53.95033860045147
262,GLY,False,14.441138216913512,14.441138216913512,0.0,104,0.000000,60.270880361173816
263,ALA,False,17.844757773643217,17.844757773643217,0.0,129,0.000000,80.36117381489842
264,ALA,False,17.831459446719442,17.831459446719442,1.0063568466999302,129,0.007801,79.9097065462754
265,ILE,False,17.885497616784388,17.885497616784388,0.0,197,0.000000,80.81264108352144
266,THR,False,19.895183537730933,19.895183537730933,10.714590240627205,172,0.062294,88.71331828442437
267,GLY,False,22.64299982334496,22.64299982334496,30.308724565017766,104,0.291430,96.83972911963883
268,GLY,False,21.75117031334176,21.75117031334176,1.0063568466999302,104,0.009677,94.3566591422122
269,THR,False,22.05493207878909,22.05493207878909,61.90471148385619,172,0.359911,95.48532731376976
270,VAL,False,19.50465672602315,19.50465672602315,1.0063568466999302,174,0.005784,86.90744920993228
271,THR,False,19.90333941829863,19.90333941829863,31.452688405932683,172,0.182864,88.93905191873588
272,VAL,False,16.170516163685065,16.170516163685065,0.0,174,0.000000,71.78329571106094
273,GLU,False,15.63275343629522,15.63275343629522,83.60090116072695,223,0.374892,68.17155756207674
274,GLY,False,12.810508420823899,12.810508420823899,18.432478080848178,104,0.177235,49.887133182844245
275,CYS,False,12.837624936100912,12.837624936100912,4.660552701600458,167,0.027908,50.112866817155755
276,GLY,False,15.84788001595166,15.84788001595166,1.357764928954973,104,0.013055,69.52595936794583
277,THR,False,16.116975832953276,16.116975832953276,88.97310837416958,172,0.517286,71.10609480812641
278,THR,False,14.554922088420811,14.554922088420811,75.5380455031908,172,0.439175,61.17381489841986
279,SER,False,11.608167598721167,11.608167598721167,23.280903259121057,155,0.150199,44.24379232505643
280,LEU,False,8.260570077179901,8.260570077179901,34.201220694668585,201,0.170155,27.539503386004515
281,GLN,False,7.119970435331877,7.119970435331877,14.301032413965311,225,0.063560,24.153498871331827
282,GLY,False,7.020462947697965,7.020462947697965,12.133370134902647,104,0.116667,23.927765237020317
283,ASP,False,7.698059170985892,7.698059170985892,4.254140567968814,193,0.022042,25.507900677200904
284,VAL,False,11.252410675050923,11.252410675050923,15.201370980582096,174,0.087364,42.21218961625282
285,LYS,False,11.842081024887475,11.842081024887475,103.70686899622814,236,0.439436,45.82392776523702
286,PHE,False,10.030696934909358,10.030696934909358,2.0127136933998604,240,0.008386,36.794582392776526
287,ALA,False,13.59169257303887,13.59169257303887,0.0,129,0.000000,54.17607223476298
288,GLU,False,14.563980396855797,14.563980396855797,82.35268356760265,223,0.369295,61.39954853273138
289,VAL,False,12.626480507251415,12.626480507251415,8.554033196949407,174,0.049161,48.53273137697517
290,LEU,False,14.801493877308467,14.801493877308467,2.345680626778331,201,0.011670,62.52821670428894
291,GLU,False,17.74861281903462,17.74861281903462,88.31171934478485,223,0.396017,79.00677200902935
292,MET,False,17.370996776235955,17.370996776235955,109.98841020325231,224,0.491020,77.65237020316027
293,MET,False,17.91473876449221,17.91473876449221,0.9496196833760986,224,0.004239,81.03837471783295
294,GLY,False,21.116250069555434,21.116250069555434,32.775335565008284,104,0.315147,92.55079006772009
295,ALA,False,20.072322685728228,20.072322685728228,9.432003623872635,129,0.073116,89.39051918735892
296,LYS,False,21.90971191047477,21.90971191047477,131.7061407337512,236,0.558077,94.80812641083521
297,VAL,False,20.199696161081235,20.199696161081235,20.165035013376414,174,0.115891,89.61625282167043
298,THR,False,22.072020002709316,22.072020002709316,67.04820551612974,172,0.389815,95.71106094808127
299,TRP,False,21.13109256522246,21.13109256522246,84.73461817360341,285,0.297314,93.00225733634312
300,THR,False,21.501108669089604,21.501108669089604,62.10298263221199,172,0.361064,93.90519187358916
301,GLU,False,19.444152077167054,19.444152077167054,116.33295081495652,223,0.521672,86.45598194130926
302,THR,False,16.941957738112794,16.941957738112794,55.60525272673101,172,0.323286,76.2979683972912
303,SER,False,17.613655554710952,17.613655554710952,10.438360470572565,155,0.067344,78.55530474040631
304,VAL,False,17.874438760419864,17.874438760419864,1.0063568466999302,174,0.005784,80.58690744920993
305,THR,False,19.747301866331004,19.747301866331004,26.87303695114992,172,0.156239,88.03611738148985
306,VAL,False,18.92070529869328,18.92070529869328,0.0,174,0.000000,84.65011286681715
307,THR,False,21.6636633559516,21.6636633559516,43.64244489297951,172,0.253735,94.13092550790067
308,GLY,False,21.202372155020768,21.202372155020768,8.985562363846501,104,0.086400,93.22799097065463
309,PRO,False,24.064939310125013,24.064939310125013,23.146207474098393,159,0.145574,98.64559819413093
310,PRO,False,26.678166522458017,26.678166522458017,119.45041080097897,159,0.751260,99.77426636568849
311,ARG,False,25.813630546670492,25.813630546670492,47.02955301244735,274,0.171641,99.32279909706546
312,GLU,False,27.677702126441062,27.677702126441062,144.98681003376933,223,0.650165,100.0
313,PRO,False,26.059393104982316,26.059393104982316,78.18232403971732,159,0.491713,99.54853273137698
314,PHE,False,22.846278230819127,22.846278230819127,54.612043445286346,240,0.227550,97.29119638826185
315,GLY,False,23.89698016486602,23.89698016486602,17.611244817248778,104,0.169339,98.41986455981942
316,ARG,False,22.18484617931799,22.18484617931799,43.692778443277774,274,0.159463,96.16252821670429
317,LYS,False,23.60734658956826,23.60734658956826,60.02960478467132,236,0.254363,97.74266365688487
318,HIS,False,24.12195448134334,24.12195448134334,46.65405938651478,224,0.208277,98.87133182844244
319,LEU,False,20.861587547451894,20.861587547451894,2.515892116749826,201,0.012517,92.09932279909707
320,LYS,False,20.433278860721302,20.433278860721302,112.32685993093966,236,0.475961,90.74492099322799
321,ALA,False,18.311958005631183,18.311958005631183,39.60386994092452,129,0.307007,82.16704288939052
322,ILE,False,15.588988966575094,15.588988966575094,9.446915717001673,197,0.047954,67.2686230248307
323,ASP,False,14.25331238695062,14.25331238695062,90.27801600672791,193,0.467762,58.239277652370205
324,VAL,False,11.237978198946639,11.237978198946639,18.114423240598743,174,0.104106,41.98645598194131
325,ASN,False,9.244454608033939,9.244454608033939,63.221342493000165,195,0.324212,32.05417607223476
326,MET,False,5.589893022232179,5.589893022232179,1.0723302924253162,224,0.004787,18.510158013544018
327,ASN,False,5.52968109387874,5.52968109387874,29.721183906943402,195,0.152416,17.83295711060948
328,LYS,False,4.504352894700859,4.504352894700859,117.1118406455733,236,0.496237,13.09255079006772
329,MET,False,3.8270402401856187,3.8270402401856187,21.66965892691119,224,0.096740,11.963882618510159
330,PRO,True,0.0,3.817612080869402,1.4527981067260636,159,0.009137,5.8690744920993225
331,ASP,True,0.0,3.817612080869402,3.181825983506766,193,0.016486,5.8690744920993225
332,VAL,False,3.8130478622750075,3.8130478622750075,1.5095352700498954,174,0.008675,9.706546275395034
333,ALA,False,4.9568961054272656,4.9568961054272656,0.0,129,0.000000,14.672686230248306
334,MET,False,5.90318312438298,5.90318312438298,3.465511800125924,224,0.015471,20.090293453724605
335,THR,False,7.7131448190734755,7.7131448190734755,0.4464412600261335,172,0.002596,25.733634311512414
336,LEU,False,9.489272153331887,9.489272153331887,0.0,201,0.000000,34.08577878103837
337,ALA,False,10.584377449807805,10.584377449807805,0.0,129,0.000000,38.60045146726862
338,VAL,False,11.060180694726466,11.060180694726466,0.0,174,0.000000,40.85778781038375
339,VAL,False,13.440510630180684,13.440510630180684,0.0,174,0.000000,53.72460496613996
340,ALA,False,15.218502883003966,15.218502883003966,0.0,129,0.000000,65.68848758465012
341,LEU,False,16.61023040177348,16.61023040177348,0.892882520052267,201,0.004442,74.71783295711062
342,PHE,False,18.545815727543506,18.545815727543506,0.5031784233499651,240,0.002097,82.61851015801355
343,ALA,False,19.77364007966161,19.77364007966161,5.357295120313602,129,0.041529,88.48758465011286
344,ASP,False,22.77989080307454,22.77989080307454,97.02850798514123,193,0.502738,97.06546275395034
345,GLY,False,21.498440757413082,21.498440757413082,15.00031952272786,104,0.144234,93.67945823927765
346,PRO,False,18.819065757895636,18.819065757895636,79.2528740963056,159,0.498446,83.7471783295711
347,THR,False,15.206218004487507,15.206218004487507,0.0,172,0.000000,65.4627539503386
348,ALA,False,13.269494225478224,13.269494225478224,5.895591313542945,129,0.045702,52.144469525959366
349,ILE,False,9.50115487717151,9.50115487717151,0.0,197,0.000000,34.31151241534989
350,ARG,False,9.479890611183233,9.479890611183233,65.3131876693562,274,0.238369,33.86004514672686
351,ASP,False,8.286557065512795,8.286557065512795,24.5819310247522,193,0.127368,27.76523702031603
352,VAL,False,5.321280391033723,5.321280391033723,0.5031784233499651,174,0.002892,16.252821670428894
353,ALA,False,3.8143017709667393,3.8143017709667393,50.3490331140589,129,0.390303,10.383747178329571
354,SER,True,0.0,6.519777143430594,12.609237646117403,155,0.081350,5.8690744920993225
355,TRP,False,3.8200736903887074,3.8200736903887074,1.0063568466999302,285,0.003531,11.286681715575622
356,ARG,False,5.262989074660901,5.262989074660901,62.63381230690131,274,0.228591,15.349887133182845
357,VAL,False,3.797119302839983,3.797119302839983,42.65669165809937,174,0.245153,6.997742663656885
358,LYS,True,0.0,3.8252992039839184,3.019070540099791,236,0.012793,5.8690744920993225
359,GLU,True,0.0,3.8252992039839184,5.357295120313602,223,0.024024,5.8690744920993225
360,THR,False,3.7980136913918576,3.7980136913918576,21.15295071119977,172,0.122982,7.223476297968397
361,GLU,False,3.785151119836564,3.785151119836564,48.63416858415813,223,0.218090,6.094808126410835
362,ARG,True,0.0,6.960714115663708,0.0,274,0.000000,5.8690744920993225
363,MET,False,3.8089770280220905,3.8089770280220905,2.0549366986641076,224,0.009174,8.803611738148984
364,VAL,False,5.42383867754195,5.42383867754195,53.84009129844626,174,0.309426,16.93002257336343
365,ALA,False,4.85119727490029,4.85119727490029,0.0,129,0.000000,13.99548532731377
366,ILE,False,5.7734740841195435,5.7734740841195435,1.0063568466999302,197,0.005108,19.41309255079007
367,ARG,False,8.234544188963952,8.234544188963952,80.03691613887426,274,0.292106,27.313769751693002
368,THR,False,9.556552568787556,9.556552568787556,39.67944618819437,172,0.230694,34.762979683972915
369,GLU,False,10.423473221532255,10.423473221532255,0.4464412600261335,223,0.002002,37.92325056433408
370,LEU,False,11.711613466982252,11.711613466982252,0.0,201,0.000000,44.92099322799097
371,THR,False,13.696381638958517,13.696381638958517,70.63464768946784,172,0.410667,55.07900677200903
372,LYS,False,15.043238348174903,15.043238348174903,69.1747809992712,236,0.293113,64.33408577878104
373,LEU,False,16.1855169210007,16.1855169210007,0.0,201,0.000000,72.00902934537245
374,GLY,False,18.054441503408516,18.054441503408516,27.353847234806324,104,0.263018,81.48984198645599
375,ALA,False,16.343594892189415,16.343594892189415,7.143060160418136,129,0.055373,72.91196388261851
376,SER,False,16.34126629120277,16.34126629120277,63.31568452038746,155,0.408488,72.686230248307
377,VAL,False,13.332350505443516,13.332350505443516,28.957352777112852,174,0.166422,53.27313769751693
378,GLU,False,14.228193174117367,14.228193174117367,93.08646370335553,223,0.417428,57.56207674943567
379,GLU,False,11.541290958987215,11.541290958987215,67.08076288799644,223,0.300811,43.792325056433405
380,GLY,False,12.80479570317309,12.80479570317309,8.497296033625576,104,0.081705,49.66139954853273
381,PRO,False,10.314831942402163,10.314831942402163,97.79035467561224,159,0.615034,37.69751693002257
382,ASP,False,7.947928346430912,7.947928346430912,40.974033688885655,193,0.212301,26.41083521444695
383,TYR,False,10.286608090133504,10.286608090133504,60.265025266155824,263,0.229145,37.47178329571106
384,CYS,False,11.134767038425188,11.134767038425188,1.0723302924253162,167,0.006421,41.534988713318285
385,ILE,False,14.257542915944526,14.257542915944526,38.63126427129964,197,0.196098,58.465011286681715
386,ILE,False,14.389165229435651,14.389165229435651,0.0,197,0.000000,59.36794582392776
387,THR,False,17.84353759768505,17.84353759768505,53.41310696892137,172,0.310541,80.13544018058691
388,PRO,False,18.618683009278612,18.618683009278612,26.80138769469705,159,0.168562,82.84424379232506
389,PRO,False,21.090058795555784,21.090058795555784,25.144009074369215,159,0.158138,92.32505643340858
390,GLU,False,24.511520495473146,24.511520495473146,101.93878065078778,223,0.457125,99.09706546275395
391,LYS,False,23.845643732136903,23.845643732136903,64.65752157458873,236,0.273973,98.1941309255079
392,LEU,False,20.385810285588356,20.385810285588356,13.393237800784005,201,0.066633,90.29345372460497
393,ASN,False,20.558527330526378,20.558527330526378,67.62156188337315,195,0.346777,91.64785553047405
394,VAL,False,20.34808376727401,20.34808376727401,115.16538314123761,174,0.661870,90.06772009029345
395,THR,False,17.797643832822367,17.797643832822367,28.204904684663802,172,0.163982,79.68397291196388
396,ALA,False,15.204620547715093,15.204620547715093,31.53037999225596,129,0.244422,65.23702031602708
397,ILE,False,11.645829682766273,11.645829682766273,0.0,197,0.000000,44.46952595936794
398,ASP,False,10.951241253848808,10.951241253848808,50.634750493927385,193,0.262356,40.18058690744921
399,THR,False,7.218768177466291,7.218768177466291,1.3393237800784006,172,0.007787,24.37923250564334
400,TYR,False,8.000569292244148,8.000569292244148,72.73956712725055,263,0.276576,26.86230248306998
401,ASP,False,6.508503821924053,6.508503821924053,115.1024727483495,193,0.596386,22.121896162528216
402,ASP,False,3.8070636979173336,3.8070636979173336,0.0,193,0.000000,8.126410835214447
403,HIS,True,0.0,3.8145896240618073,0.0,224,0.000000,5.8690744920993225
404,ARG,True,0.0,3.8145896240618073,5.059796767994161,274,0.018466,5.8690744920993225
405,MET,False,3.8138744080003475,3.8138744080003475,0.0,224,0.000000,10.15801354401806
406,ALA,False,5.219171294372316,5.219171294372316,0.0,129,0.000000,15.124153498871332
407,MET,False,4.840769876786129,4.840769876786129,0.0,224,0.000000,13.769751693002258
408,ALA,False,5.584621204701352,5.584621204701352,0.5031784233499651,129,0.003901,18.284424379232505
409,PHE,False,7.938603088705216,7.938603088705216,1.0063568466999302,240,0.004193,25.959367945823928
410,SER,False,9.42843788758244,9.42843788758244,1.8425022034283658,155,0.011887,33.408577878103834
411,LEU,False,11.270360863787815,11.270360863787815,0.5031784233499651,201,0.002503,42.43792325056433
412,ALA,False,13.027700871604322,13.027700871604322,0.0,129,0.000000,51.24153498871332
413,ALA,False,15.085470194859688,15.085470194859688,0.5031784233499651,129,0.003901,64.78555304740406
414,CYS,False,16.792421177424057,16.792421177424057,0.5361651462126581,167,0.003211,75.16930022573364
415,ALA,False,19.42565494391373,19.42565494391373,0.0,129,0.000000,86.23024830699774
416,GLU,False,22.090706484854667,22.090706484854667,80.71767308696839,223,0.361963,95.93679458239278
417,VAL,False,20.51981642218078,20.51981642218078,14.592174277148986,174,0.083863,91.42212189616252
418,PRO,False,18.884580535452727,18.884580535452727,52.04687021177721,159,0.327339,84.42437923250564
419,VAL,False,15.524582570877712,15.524582570877712,1.5095352700498954,174,0.008675,67.04288939051919
420,ALA,False,14.937390869894246,14.937390869894246,16.00667636942779,129,0.124083,63.43115124153499
421,ILE,False,11.236600464553325,11.236600464553325,0.5031784233499651,197,0.002554,41.760722347629795
422,ARG,False,11.01877515879147,11.01877515879147,90.42210515378483,274,0.330008,40.40632054176072
423,ASP,False,9.367948014373265,9.367948014373265,31.258344248393865,193,0.161960,32.50564334085779
424,PRO,False,7.941922059552083,7.941922059552083,19.39700985735331,159,0.121994,26.18510158013544
425,GLY,False,7.9724820476436316,7.9724820476436316,23.223150314172564,104,0.223300,26.636568848758465
426,CYS,False,4.872257998094929,4.872257998094929,10.94899494048705,167,0.065563,14.221218961625283
427,THR,False,3.8386031313486937,3.8386031313486937,0.4464412600261335,172,0.002596,12.641083521444695
428,ARG,False,3.814407555571376,3.814407555571376,108.41277058778317,274,0.395667,10.609480812641083
429,LYS,True,0.0,5.46263947190367,17.611244817248778,236,0.074624,5.8690744920993225
430,THR,False,3.8288160049811744,3.8288160049811744,0.0,172,0.000000,12.18961625282167
431,PHE,False,6.2316655879467735,6.2316655879467735,3.5222489634497554,240,0.014676,21.218961625282166
432,PRO,False,6.950035035882913,6.950035035882913,58.71366492591113,159,0.369268,23.702031602708804
433,ASP,False,10.576413522551018,10.576413522551018,75.99648764715364,193,0.393764,38.37471783295711
434,TYR,False,9.57945155006277,9.57945155006277,0.0,263,0.000000,35.214446952595935
435,PHE,False,11.290737796973234,11.290737796973234,34.63702766356232,240,0.144321,42.66365688487585
436,ASP,False,14.412356538748268,14.412356538748268,109.4905672514257,193,0.567309,59.59367945823928
437,VAL,False,14.718996501120584,14.718996501120584,34.216132787797626,174,0.196644,61.8510158013544
438,LEU,False,13.85148313358537,13.85148313358537,5.031784233499651,201,0.025034,56.659142212189614
439,SER,False,16.98522622751902,16.98522622751902,72.89553149453803,155,0.470294,76.74943566591422
440,THR,False,19.285979570662207,19.285979570662207,90.73941648377289,172,0.527555,85.77878103837472
441,PHE,False,18.623606229728978,18.623606229728978,23.146207474098397,240,0.096443,83.06997742663657
442,VAL,False,18.824149090994794,18.824149090994794,32.27961318822283,174,0.185515,83.97291196388262
443,LYS,False,22.20248745073398,22.20248745073398,76.18702524159386,236,0.322826,96.3882618510158
444,ASN,False,22.863479197182567,22.863479197182567,121.34664471075928,195,0.622290,97.51693002257336
