position,sequence_position,residue,shannon_entropy,normalized_conservation,n_species_present,n_species_total
2,3,G,0.0,1.0,7,8
3,4,A,0.0,1.0,7,8
4,5,E,0.0,1.0,7,8
5,6,E,0.0,1.0,7,8
6,7,I,0.5916727785823275,0.8630998097163513,7,8
7,8,V,0.0,1.0,7,8
8,9,L,0.0,1.0,7,8
9,10,Q,1.1488348542809166,0.7341846442008293,7,8
10,11,P,0.0,1.0,7,8
11,12,I,0.0,1.0,7,8
12,13,K,0.5916727785823275,0.8630998097163513,7,8
13,14,E,0.9852281360342515,0.7720396743296748,7,8
14,15,I,0.0,1.0,7,8
15,16,S,0.0,1.0,7,8
16,17,G,0.0,1.0,7,8
17,18,T,1.1488348542809166,0.7341846442008293,7,8
18,19,V,0.863120568566631,0.8002927051036175,7,8
19,20,K,0.863120568566631,0.8002927051036175,7,8
20,21,L,0.0,1.0,7,8
21,22,P,0.0,1.0,7,8
22,23,G,0.0,1.0,7,8
23,24,S,0.0,1.0,7,8
24,25,K,0.0,1.0,7,8
25,26,S,0.0,1.0,7,8
26,27,L,0.0,1.0,7,8
27,28,S,0.0,1.0,7,8
28,29,N,0.0,1.0,7,8
29,30,R,0.0,1.0,7,8
30,31,I,0.0,1.0,7,8
31,32,L,0.0,1.0,7,8
32,33,L,0.0,1.0,7,8
33,34,L,0.0,1.0,7,8
34,35,A,0.5916727785823275,0.8630998097163513,7,8
35,36,A,0.0,1.0,7,8
36,37,L,0.0,1.0,7,8
37,38,S,0.5916727785823275,0.8630998097163513,7,8
38,39,E,0.5916727785823275,0.8630998097163513,7,8
39,40,G,0.0,1.0,7,8
40,41,T,0.863120568566631,0.8002927051036175,7,8
41,42,T,0.0,1.0,7,8
42,43,V,0.0,1.0,7,8
43,44,V,0.0,1.0,7,8
44,45,D,0.0,1.0,7,8
45,46,N,0.0,1.0,7,8
46,47,L,0.0,1.0,7,8
47,48,L,0.0,1.0,7,8
48,49,N,1.3787834934861753,0.6809795389429983,7,8
49,50,S,0.0,1.0,7,8
50,51,E,0.9852281360342515,0.7720396743296748,7,8
51,52,D,0.0,1.0,7,8
52,53,V,0.9852281360342515,0.7720396743296748,7,8
53,54,H,0.5916727785823275,0.8630998097163513,7,8
54,55,Y,0.0,1.0,7,8
55,56,M,0.0,1.0,7,8
56,57,L,0.0,1.0,7,8
57,58,G,0.5916727785823275,0.8630998097163513,7,8
58,59,A,0.0,1.0,7,8
59,60,L,0.0,1.0,7,8
60,61,R,0.9852281360342515,0.7720396743296748,7,8
61,62,T,0.5916727785823275,0.8630998097163513,7,8
62,63,L,0.0,1.0,7,8
63,64,G,0.0,1.0,7,8
64,65,L,0.0,1.0,7,8
65,66,S,1.8423709931771084,0.5737154916213099,7,8
66,67,V,0.0,1.0,7,8
67,68,E,0.0,1.0,7,8
68,69,A,1.3787834934861753,0.6809795389429983,7,8
69,70,D,0.5916727785823275,0.8630998097163513,7,8
70,71,K,1.8423709931771084,0.5737154916213099,7,8
71,72,A,1.8423709931771084,0.5737154916213099,7,8
72,73,A,1.8423709931771084,0.5737154916213099,7,8
73,74,K,1.3787834934861753,0.6809795389429983,7,8
74,75,R,0.863120568566631,0.8002927051036175,7,8
75,76,A,0.0,1.0,7,8
76,77,V,0.9852281360342515,0.7720396743296748,7,8
77,78,V,0.0,1.0,7,8
78,79,V,0.863120568566631,0.8002927051036175,7,8
79,80,G,0.0,1.0,7,8
80,81,C,0.0,1.0,7,8
81,82,G,0.0,1.0,7,8
82,83,G,0.0,1.0,7,8
83,84,K,1.8423709931771084,0.5737154916213099,7,8
84,85,F,0.0,1.0,7,8
85,86,P,0.0,1.0,7,8
86,87,V,1.1488348542809166,0.7341846442008293,7,8
87,88,E,1.3787834934861753,0.6809795389429983,7,8
88,89,D,1.5566567074628228,0.6398235525240981,7,8
89,90,S,0.863120568566631,0.8002927051036175,7,8
90,91,K,1.3787834934861753,0.6809795389429983,7,8
91,92,E,1.6644977792004612,0.61487147804021,7,8
92,93,E,0.863120568566631,0.8002927051036175,7,8
93,94,V,0.9852281360342515,0.7720396743296748,7,8
94,95,Q,1.3787834934861753,0.6809795389429983,7,8
95,96,L,0.0,1.0,7,8
96,97,F,0.5916727785823275,0.8630998097163513,7,8
97,98,L,0.0,1.0,7,8
98,99,G,0.0,1.0,7,8
99,100,N,0.0,1.0,7,8
100,101,A,0.0,1.0,7,8
101,102,G,0.0,1.0,7,8
102,103,T,0.0,1.0,7,8
103,104,A,0.0,1.0,7,8
104,105,M,0.0,1.0,7,8
105,106,R,0.0,1.0,7,8
106,107,P,0.0,1.0,7,8
107,108,L,0.0,1.0,7,8
108,109,T,0.0,1.0,7,8
109,110,A,0.0,1.0,7,8
110,111,A,0.0,1.0,7,8
111,112,V,0.0,1.0,7,8
112,113,T,0.5916727785823275,0.8630998097163513,7,8
113,114,A,0.863120568566631,0.8002927051036175,7,8
114,115,A,0.0,1.0,7,8
115,116,G,0.0,1.0,7,8
116,117,G,0.0,1.0,7,8
117,118,N,0.863120568566631,0.8002927051036175,7,8
118,119,A,0.9852281360342515,0.7720396743296748,7,8
119,120,T,1.5566567074628228,0.6398235525240981,7,8
120,121,Y,0.0,1.0,7,8
121,122,V,0.5916727785823275,0.8630998097163513,7,8
122,123,L,0.0,1.0,7,8
123,124,D,0.0,1.0,8,8
124,125,G,0.0,1.0,8,8
125,126,V,0.0,1.0,8,8
126,127,P,0.0,1.0,8,8
127,128,R,0.0,1.0,8,8
128,129,M,0.0,1.0,8,8
129,130,R,0.0,1.0,8,8
130,131,E,0.0,1.0,8,8
131,132,R,0.0,1.0,8,8
132,133,P,0.0,1.0,8,8
133,134,I,0.0,1.0,8,8
134,135,G,0.0,1.0,8,8
135,136,D,0.0,1.0,8,8
136,137,L,0.0,1.0,8,8
137,138,V,0.0,1.0,8,8
138,139,V,1.75,0.5950881269704215,8,8
139,140,G,0.0,1.0,8,8
140,141,L,0.0,1.0,8,8
141,142,K,0.5435644431995964,0.874231030395298,8,8
142,143,Q,0.0,1.0,8,8
143,144,L,0.0,1.0,8,8
144,145,G,0.0,1.0,8,8
145,146,A,0.0,1.0,8,8
146,147,D,0.8112781244591328,0.8122879171870452,8,8
147,148,V,0.0,1.0,8,8
148,149,D,1.061278124459133,0.7544433638971053,8,8
149,150,C,0.0,1.0,8,8
150,151,F,1.1488348542809166,0.7341846442008293,7,8
151,152,L,0.5435644431995964,0.874231030395298,8,8
152,153,G,0.5435644431995964,0.874231030395298,8,8
153,154,T,0.0,1.0,8,8
154,155,D,1.2987949406953985,0.6994871473609634,8,8
155,156,C,0.0,1.0,8,8
156,157,P,0.0,1.0,8,8
157,158,P,0.0,1.0,8,8
158,159,V,0.0,1.0,8,8
159,160,R,0.0,1.0,8,8
160,161,V,0.954434002924965,0.7791647658243053,8,8
161,162,N,1.5,0.6529326802603612,8,8
162,163,G,1.5,0.6529326802603612,8,8
163,164,I,1.561278124459133,0.6387542573172258,8,8
164,165,G,0.0,1.0,8,8
165,166,G,0.0,1.0,8,8
166,167,L,0.0,1.0,8,8
167,168,P,0.0,1.0,8,8
168,169,G,0.0,1.0,8,8
169,170,G,0.0,1.0,8,8
170,171,K,0.0,1.0,8,8
171,172,V,0.0,1.0,8,8
172,173,K,0.0,1.0,8,8
173,174,L,0.0,1.0,8,8
174,175,S,0.0,1.0,8,8
175,176,G,0.0,1.0,8,8
176,177,S,0.0,1.0,8,8
177,178,I,0.0,1.0,8,8
178,179,S,0.0,1.0,8,8
179,180,S,0.0,1.0,8,8
180,181,Q,0.0,1.0,8,8
181,182,Y,0.0,1.0,8,8
182,183,L,0.0,1.0,8,8
183,184,S,0.954434002924965,0.7791647658243053,8,8
184,185,A,0.0,1.0,8,8
185,186,L,0.0,1.0,8,8
186,187,L,0.0,1.0,8,8
187,188,M,0.0,1.0,8,8
188,189,A,0.5435644431995964,0.874231030395298,8,8
189,190,A,0.0,1.0,8,8
190,191,P,0.0,1.0,8,8
191,192,L,0.0,1.0,8,8
192,193,A,0.0,1.0,8,8
193,194,L,0.0,1.0,8,8
194,195,G,0.0,1.0,8,8
195,196,D,0.0,1.0,8,8
196,197,V,0.0,1.0,8,8
197,198,E,0.0,1.0,8,8
198,199,I,0.0,1.0,8,8
199,200,E,0.0,1.0,8,8
200,201,I,0.0,1.0,8,8
201,202,I,0.954434002924965,0.7791647658243053,8,8
202,203,D,0.0,1.0,8,8
203,204,K,0.0,1.0,8,8
204,205,L,0.0,1.0,8,8
205,206,I,0.0,1.0,8,8
206,207,S,0.0,1.0,8,8
207,208,I,0.954434002924965,0.7791647658243053,8,8
208,209,P,0.0,1.0,8,8
209,210,Y,0.0,1.0,8,8
210,211,V,0.0,1.0,8,8
211,212,E,0.0,1.0,8,8
212,213,M,0.0,1.0,8,8
213,214,T,0.0,1.0,8,8
214,215,L,0.0,1.0,8,8
215,216,R,0.954434002924965,0.7791647658243053,8,8
216,217,L,0.0,1.0,8,8
217,218,M,0.0,1.0,8,8
218,219,E,0.0,1.0,8,8
219,220,R,0.0,1.0,8,8
220,221,F,0.5435644431995964,0.874231030395298,8,8
221,222,G,0.0,1.0,8,8
222,223,V,0.0,1.0,8,8
223,224,K,1.561278124459133,0.6387542573172258,8,8
224,225,A,0.954434002924965,0.7791647658243053,8,8
225,226,E,0.0,1.0,8,8
226,227,H,0.0,1.0,8,8
227,228,S,0.5435644431995964,0.874231030395298,8,8
228,229,D,1.2987949406953985,0.6994871473609634,8,8
229,230,S,1.2987949406953985,0.6994871473609634,8,8
230,231,W,0.0,1.0,8,8
231,232,D,0.0,1.0,8,8
232,233,R,0.8112781244591328,0.8122879171870452,8,8
233,234,F,0.0,1.0,8,8
234,235,Y,1.561278124459133,0.6387542573172258,8,8
235,236,I,0.954434002924965,0.7791647658243053,8,8
236,237,K,1.2987949406953985,0.6994871473609634,8,8
237,238,G,0.0,1.0,8,8
238,239,G,0.0,1.0,8,8
239,240,Q,0.0,1.0,8,8
240,241,K,0.0,1.0,8,8
241,242,Y,0.0,1.0,8,8
242,243,K,0.0,1.0,8,8
243,244,S,0.0,1.0,8,8
244,245,P,0.0,1.0,8,8
245,246,K,0.954434002924965,0.7791647658243053,8,8
246,247,N,0.8112781244591328,0.8122879171870452,8,8
247,248,A,0.5435644431995964,0.874231030395298,8,8
248,249,Y,0.954434002924965,0.7791647658243053,8,8
249,250,V,0.0,1.0,8,8
250,251,E,0.0,1.0,8,8
251,252,G,0.0,1.0,8,8
252,253,D,0.0,1.0,8,8
253,254,A,0.0,1.0,8,8
254,255,S,0.0,1.0,8,8
255,256,S,0.0,1.0,8,8
256,257,A,0.0,1.0,8,8
257,258,S,0.0,1.0,8,8
258,259,Y,0.0,1.0,8,8
259,260,F,0.0,1.0,8,8
260,261,L,0.0,1.0,8,8
261,262,A,0.0,1.0,8,8
262,263,G,0.0,1.0,8,8
263,264,A,0.0,1.0,8,8
264,265,A,0.0,1.0,8,8
265,266,I,0.954434002924965,0.7791647658243053,8,8
266,267,T,0.0,1.0,8,8
267,268,G,0.0,1.0,8,8
268,269,G,0.5435644431995964,0.874231030395298,8,8
269,270,T,0.0,1.0,8,8
270,271,V,0.8112781244591328,0.8122879171870452,8,8
271,272,T,0.0,1.0,8,8
272,273,V,0.0,1.0,8,8
273,274,E,1.061278124459133,0.7544433638971053,8,8
274,275,G,0.0,1.0,8,8
275,276,C,0.0,1.0,8,8
276,277,G,0.0,1.0,8,8
277,278,T,0.5435644431995964,0.874231030395298,8,8
278,279,T,1.75,0.5950881269704215,8,8
279,280,S,0.0,1.0,8,8
280,281,L,0.0,1.0,8,8
281,282,Q,0.0,1.0,8,8
282,283,G,0.0,1.0,8,8
283,284,D,0.0,1.0,8,8
284,285,V,0.0,1.0,8,8
285,286,K,0.0,1.0,8,8
286,287,F,0.0,1.0,8,8
287,288,A,0.0,1.0,8,8
288,289,E,0.0,1.0,8,8
289,290,V,0.0,1.0,8,8
290,291,L,0.0,1.0,8,8
291,292,E,0.0,1.0,8,8
292,293,M,0.954434002924965,0.7791647658243053,8,8
293,294,M,0.0,1.0,8,8
294,295,G,0.0,1.0,8,8
295,296,A,0.5435644431995964,0.874231030395298,8,8
296,297,K,0.8112781244591328,0.8122879171870452,8,8
297,298,V,0.0,1.0,8,8
298,299,T,0.5435644431995964,0.874231030395298,8,8
299,300,W,0.0,1.0,8,8
300,301,T,0.5435644431995964,0.874231030395298,8,8
301,302,E,1.061278124459133,0.7544433638971053,8,8
302,303,T,0.954434002924965,0.7791647658243053,8,8
303,304,S,0.0,1.0,8,8
304,305,V,0.0,1.0,8,8
305,306,T,0.0,1.0,8,8
306,307,V,0.0,1.0,8,8
307,308,T,0.8112781244591328,0.8122879171870452,8,8
308,309,G,0.0,1.0,8,8
309,310,P,0.0,1.0,8,8
310,311,P,0.5435644431995964,0.874231030395298,8,8
311,312,R,0.5435644431995964,0.874231030395298,8,8
312,313,E,1.561278124459133,0.6387542573172258,8,8
313,314,P,1.4056390622295665,0.6747657454337634,8,8
314,315,F,1.4056390622295665,0.6747657454337634,8,8
315,316,G,0.0,1.0,8,8
316,317,R,1.9056390622295665,0.5590766388538838,8,8
317,318,K,0.5435644431995964,0.874231030395298,8,8
318,319,H,0.5435644431995964,0.874231030395298,8,8
319,320,L,0.0,1.0,8,8
320,321,K,1.4056390622295665,0.6747657454337634,8,8
321,322,A,0.5435644431995964,0.874231030395298,8,8
322,323,I,0.954434002924965,0.7791647658243053,8,8
323,324,D,0.0,1.0,8,8
324,325,V,0.0,1.0,8,8
325,326,N,0.0,1.0,8,8
326,327,M,0.0,1.0,8,8
327,328,N,0.0,1.0,8,8
328,329,K,0.0,1.0,8,8
329,330,M,0.0,1.0,8,8
330,331,P,0.0,1.0,8,8
331,332,D,0.0,1.0,8,8
332,333,V,0.0,1.0,8,8
333,334,A,0.0,1.0,8,8
334,335,M,0.0,1.0,8,8
335,336,T,0.0,1.0,8,8
336,337,L,0.0,1.0,8,8
337,338,A,0.0,1.0,8,8
338,339,V,0.0,1.0,8,8
339,340,V,0.0,1.0,8,8
340,341,A,0.0,1.0,8,8
341,342,L,0.0,1.0,8,8
342,343,F,0.0,1.0,8,8
343,344,A,0.0,1.0,8,8
344,345,D,0.5435644431995964,0.874231030395298,8,8
345,346,G,0.0,1.0,8,8
346,347,P,0.5435644431995964,0.874231030395298,8,8
347,348,T,0.0,1.0,8,8
348,349,A,0.8112781244591328,0.8122879171870452,8,8
349,350,I,0.0,1.0,8,8
350,351,R,0.0,1.0,8,8
351,352,D,0.0,1.0,8,8
352,353,V,0.0,1.0,8,8
353,354,A,0.0,1.0,8,8
354,355,S,0.0,1.0,8,8
355,356,W,0.0,1.0,8,8
356,357,R,0.0,1.0,8,8
357,358,V,0.0,1.0,8,8
358,359,K,0.0,1.0,8,8
359,360,E,0.0,1.0,8,8
360,361,T,0.0,1.0,8,8
361,362,E,0.0,1.0,8,8
362,363,R,0.0,1.0,8,8
363,364,M,0.0,1.0,8,8
364,365,V,0.954434002924965,0.7791647658243053,8,8
365,366,A,0.0,1.0,8,8
366,367,I,0.0,1.0,8,8
367,368,R,0.954434002924965,0.7791647658243053,8,8
368,369,T,0.0,1.0,8,8
369,370,E,0.0,1.0,8,8
370,371,L,0.0,1.0,8,8
371,372,T,0.954434002924965,0.7791647658243053,8,8
372,373,K,0.0,1.0,8,8
373,374,L,0.0,1.0,8,8
374,375,G,0.0,1.0,8,8
375,376,A,0.0,1.0,8,8
376,377,S,0.954434002924965,0.7791647658243053,8,8
377,378,V,0.0,1.0,8,8
378,379,E,0.8112781244591328,0.8122879171870452,8,8
379,380,E,0.0,1.0,8,8
380,381,G,0.0,1.0,8,8
381,382,P,0.954434002924965,0.7791647658243053,8,8
382,383,D,0.0,1.0,8,8
383,384,Y,0.0,1.0,8,8
384,385,C,0.0,1.0,8,8
385,386,I,0.954434002924965,0.7791647658243053,8,8
386,387,I,0.0,1.0,8,8
387,388,T,0.0,1.0,8,8
388,389,P,0.0,1.0,8,8
389,390,P,0.0,1.0,8,8
390,391,E,0.0,1.0,7,8
391,392,K,0.0,1.0,8,8
392,393,L,0.5435644431995964,0.874231030395298,8,8
393,394,N,0.5435644431995964,0.874231030395298,8,8
394,395,V,1.061278124459133,0.7544433638971053,8,8
395,396,T,0.0,1.0,8,8
396,397,A,0.954434002924965,0.7791647658243053,8,8
397,398,I,0.0,1.0,8,8
398,399,D,0.0,1.0,8,8
399,400,T,0.0,1.0,8,8
400,401,Y,0.0,1.0,8,8
401,402,D,0.0,1.0,8,8
402,403,D,0.0,1.0,8,8
403,404,H,0.0,1.0,8,8
404,405,R,0.0,1.0,8,8
405,406,M,0.0,1.0,8,8
406,407,A,0.0,1.0,8,8
407,408,M,0.0,1.0,8,8
408,409,A,0.0,1.0,8,8
409,410,F,0.0,1.0,8,8
410,411,S,0.0,1.0,8,8
411,412,L,0.0,1.0,8,8
412,413,A,0.0,1.0,8,8
413,414,A,0.0,1.0,8,8
414,415,C,0.0,1.0,8,8
415,416,A,0.8112781244591328,0.8122879171870452,8,8
416,417,E,0.8112781244591328,0.8122879171870452,8,8
417,418,V,0.0,1.0,8,8
418,419,P,0.5435644431995964,0.874231030395298,8,8
419,420,V,0.5435644431995964,0.874231030395298,8,8
420,421,A,0.5435644431995964,0.874231030395298,8,8
421,422,I,0.0,1.0,8,8
422,423,R,1.4056390622295665,0.6747657454337634,8,8
423,424,D,0.5435644431995964,0.874231030395298,8,8
424,425,P,0.0,1.0,8,8
425,426,G,0.0,1.0,8,8
426,427,C,0.0,1.0,8,8
427,428,T,0.0,1.0,8,8
428,429,R,0.0,1.0,8,8
429,430,K,0.0,1.0,8,8
430,431,T,0.0,1.0,8,8
431,432,F,0.0,1.0,8,8
432,433,P,0.0,1.0,8,8
433,434,D,0.8112781244591328,0.8122879171870452,8,8
434,435,Y,0.0,1.0,8,8
435,436,F,0.0,1.0,8,8
436,437,D,1.4056390622295665,0.6747657454337634,8,8
437,438,V,0.0,1.0,8,8
438,439,L,0.0,1.0,8,8
439,440,S,1.561278124459133,0.6387542573172258,8,8
440,441,T,1.811278124459133,0.5809097040272859,8,8
441,442,F,1.4056390622295665,0.6747657454337634,8,8
442,443,V,1.561278124459133,0.6387542573172258,8,8
443,444,K,0.8112781244591328,0.8122879171870452,8,8
444,445,N,0.954434002924965,0.7791647658243053,8,8
