chain_id,pdb_position,residue_name,in_active_site_core,nearest_core_ligand,nearest_ligand_atom_distance_A,distance_to_active_site_core_A,distance_to_nearest_other_core_residue_A,sasa_A2,percentile_rank_distance_to_core
A,29,PHE,False,,,21.962599140356765,21.962599140356765,157.08375863784136,88.9795918367347
A,30,SER,False,,,18.55480258585361,18.55480258585361,116.62515558365466,76.19047619047619
A,31,LYS,False,,,18.141187778092153,18.141187778092153,101.79160227095485,75.51020408163265
A,32,PHE,False,,,15.560843196947904,15.560843196947904,75.23913343417723,64.89795918367346
A,33,VAL,False,,,17.004941575906695,17.004941575906695,129.50863856046718,70.74829931972789
A,34,ARG,False,,,15.368969451462902,15.368969451462902,60.81254203382345,63.12925170068027
A,35,LYS,False,,,17.063242188986244,17.063242188986244,173.58411534882976,71.0204081632653
A,36,ASN,False,,,16.208320640954756,16.208320640954756,59.32889348723914,67.61904761904762
A,37,PRO,False,,,18.037866919344985,18.037866919344985,89.18060009696367,75.10204081632654
A,38,LYS,False,,,17.349601321067873,17.349601321067873,123.80664789420173,72.10884353741497
A,39,SER,False,,,17.49377449265881,17.49377449265881,52.527680495433614,72.78911564625851
A,40,ASP,False,,,16.53893176719706,16.53893176719706,23.214945521358946,69.38775510204081
A,41,LYS,False,,,18.911700029346914,18.911700029346914,77.59224916356908,77.00680272108843
A,42,PHE,False,,,19.588249462369014,19.588249462369014,16.101709547198883,80.0
A,43,LYS,False,,,18.283124678238128,18.283124678238128,127.97254636051895,75.78231292517007
A,44,VAL,False,,,14.880960822473796,14.880960822473796,10.978421191675675,60.54421768707483
A,45,LYS,False,,,13.74215885514354,13.74215885514354,62.618224771351755,54.69387755102041
A,46,ARG,False,,,10.866355460778927,10.866355460778927,100.59170237284279,34.42176870748299
A,47,PHE,False,,,8.682733382984878,8.682733382984878,25.491490165807274,23.94557823129252
A,48,HIS,False,,,11.799630884057349,11.799630884057349,7.596957467008789,43.673469387755105
A,49,HIS,False,,,11.849548050453231,11.849548050453231,4.025427386799721,44.21768707482993
A,50,ILE,False,,,11.235567008389028,11.235567008389028,0.0,38.095238095238095
A,51,GLU,False,,,13.271137027398971,13.271137027398971,3.571530080209068,52.38095238095238
A,52,PHE,False,,,12.155034389091627,12.155034389091627,2.0127136933998604,45.57823129251701
A,53,TRP,False,,,14.399061774990757,14.399061774990757,6.038141080199581,57.414965986394556
A,54,CYS,False,,,15.289929398136541,15.289929398136541,1.785765040104534,62.72108843537415
A,55,GLY,False,,,17.860226706287914,17.860226706287914,7.370008813713463,74.421768707483
A,56,ASP,False,,,14.721963523932535,14.721963523932535,14.850664520686358,59.45578231292517
A,57,ALA,False,,,16.253759380524865,16.253759380524865,0.0,68.29931972789116
A,58,THR,False,,,13.474941261467524,13.474941261467524,19.446290974112625,53.333333333333336
A,59,ASN,False,,,13.597216994664755,13.597216994664755,0.0,53.605442176870746
A,60,VAL,False,,,14.000474599098418,14.000474599098418,4.025427386799721,55.78231292517007
A,61,ALA,False,,,15.48978892690278,15.48978892690278,6.038141080199582,64.76190476190476
A,62,ARG,False,,,16.04069041531567,16.04069041531567,63.226709380450046,66.80272108843538
A,63,ARG,False,,,14.395006530043673,14.395006530043673,3.835361031257539,57.27891156462585
A,64,PHE,False,,,12.20215997272614,12.20215997272614,0.0,45.714285714285715
A,65,SER,False,,,15.588894316146991,15.588894316146991,14.96696628072225,65.17006802721089
A,66,TRP,False,,,16.2224285789767,16.2224285789767,22.139850627398463,67.89115646258503
A,67,GLY,False,,,12.875175843459381,12.875175843459381,0.0,49.93197278911565
A,68,LEU,False,,,11.227031753762882,11.227031753762882,0.0,37.95918367346939
A,69,GLY,False,,,14.512462403052076,14.512462403052076,0.0,58.095238095238095
A,70,MET,False,,,15.444125549865232,15.444125549865232,0.0,64.08163265306122
A,71,ARG,False,,,19.218674824243216,19.218674824243216,87.45303829675467,78.77551020408163
A,72,PHE,False,,,21.046061246703623,21.046061246703623,86.40056286990001,86.53061224489795
A,73,SER,False,,,23.0511457632804,23.0511457632804,37.30394137515796,91.70068027210884
A,74,ALA,False,,,23.046942942611714,23.046942942611714,6.038141080199581,91.56462585034014
A,75,LYS,False,,,20.5300088163644,20.5300088163644,58.0225983179255,84.76190476190476
A,76,SER,False,,,20.775415687778672,20.775415687778672,0.0,85.4421768707483
A,77,ASP,False,,,17.636001417554944,17.636001417554944,10.94153889392253,73.46938775510205
A,78,LEU,False,,,16.44882734422123,16.44882734422123,46.489539415234034,69.1156462585034
A,79,SER,False,,,16.76847306703863,16.76847306703863,85.84307678154501,70.20408163265306
A,80,THR,False,,,20.331369088184886,20.331369088184886,53.82972404268942,83.40136054421768
A,81,GLY,False,,,21.366407208513085,21.366407208513085,38.929464245978394,87.61904761904762
A,82,ASN,False,,,21.049431583774417,21.049431583774417,1.8226473378576786,86.80272108843538
A,83,MET,False,,,19.945415212524406,19.945415212524406,82.33469271367309,81.49659863945578
A,84,VAL,False,,,21.30265565604439,21.30265565604439,47.85123133500599,87.48299319727892
A,85,HIS,False,,,19.760575750721433,19.760575750721433,0.0,81.22448979591837
A,86,ALA,False,,,17.54908977696564,17.54908977696564,0.0,73.06122448979592
A,87,SER,False,,,20.21214402283934,20.21214402283934,0.0,82.72108843537416
A,88,TYR,False,,,19.7438651737698,19.7438651737698,16.979679974122114,80.81632653061224
A,89,LEU,False,,,19.205624853151747,19.205624853151747,6.038141080199581,78.63945578231292
A,90,LEU,False,,,17.40948345011994,17.40948345011994,2.0127136933998604,72.38095238095238
A,91,THR,False,,,16.78194759257697,16.78194759257697,32.17359490813969,70.34013605442176
A,92,SER,False,,,15.195003455083516,15.195003455083516,6.038141080199581,62.17687074829932
A,93,GLY,False,,,15.47682037758402,15.47682037758402,46.76042847777758,64.48979591836735
A,94,ASP,False,,,13.634389975352766,13.634389975352766,108.31046985900676,53.74149659863946
A,95,LEU,False,,,11.52835920675618,11.52835920675618,4.025427386799721,41.36054421768708
A,96,ARG,False,,,13.443147622487823,13.443147622487823,75.1086735632492,53.06122448979592
A,97,PHE,False,,,13.635981409491581,13.635981409491581,0.0,53.87755102040816
A,98,LEU,False,,,15.83718832368928,15.83718832368928,2.0127136933998604,66.25850340136054
A,99,PHE,False,,,16.12777145175365,16.12777145175365,0.0,67.21088435374149
A,100,THR,False,,,18.605266700587766,18.605266700587766,0.0,76.3265306122449
A,101,ALA,False,,,18.934136526390635,18.934136526390635,0.0,77.27891156462584
A,102,PRO,False,,,19.431521119047783,19.431521119047783,20.32426140103585,79.31972789115646
A,103,TYR,False,,,17.25498985800919,17.25498985800919,9.382722507113323,71.83673469387755
A,104,SER,False,,,17.40897067606238,17.40897067606238,3.571530080209068,72.24489795918367
A,105,PRO,False,,,20.912920049577007,20.912920049577007,100.57603629747686,86.12244897959184
A,106,SER,False,,,19.630485551814555,19.630485551814555,73.76679462114585,80.27210884353741
A,107,LEU,False,,,19.401601325663815,19.401601325663815,63.469219389356155,79.18367346938776
A,117,THR,False,,,25.5216997474698,25.5216997474698,106.60427088884214,97.00680272108843
A,118,ALA,False,,,25.270490102093394,25.270490102093394,46.26964887343377,96.73469387755102
A,119,SER,False,,,26.589112471084853,26.589112471084853,9.609671160408649,98.36734693877551
A,120,ILE,False,,,23.632238150458793,23.632238150458793,7.823906120304115,92.92517006802721
A,121,PRO,False,,,25.06380390124372,25.06380390124372,43.11513380206222,95.91836734693878
A,122,SER,False,,,22.361680325950463,22.361680325950463,27.467321561453993,90.20408163265306
A,123,PHE,False,,,22.393207742527643,22.393207742527643,31.038851641663054,90.34013605442176
A,124,ASP,False,,,23.66311868710462,23.66311868710462,73.24619083054398,93.06122448979592
A,125,HIS,False,,,24.169675152968026,24.169675152968026,64.32882197123139,94.5578231292517
A,126,GLY,False,,,23.887353683487003,23.887353683487003,48.576017704140185,93.46938775510205
A,127,SER,False,,,20.49037847381058,20.49037847381058,56.493459509717184,84.48979591836735
A,128,CYS,False,,,19.0077910605099,19.0077910605099,2.1446605848506324,78.0952380952381
A,129,ARG,False,,,20.458285192068274,20.458285192068274,25.78514530311382,84.08163265306122
A,130,SER,False,,,19.179041008350755,19.179041008350755,65.03509388766042,78.50340136054422
A,131,PHE,False,,,15.619517950308198,15.619517950308198,11.886215804856981,65.4421768707483
A,132,PHE,False,,,15.576882165568307,15.576882165568307,11.622384853808509,65.03401360544218
A,133,SER,False,,,17.60971481881521,17.60971481881521,34.18630860153955,73.33333333333333
A,134,SER,False,,,15.409945619631499,15.409945619631499,31.295624481216457,63.53741496598639
A,135,HIS,False,,,11.894442189527005,11.894442189527005,12.076282160399163,44.48979591836735
A,136,GLY,False,,,12.774155705955677,12.774155705955677,2.0127136933998604,49.38775510204081
A,137,LEU,False,,,10.824656946065312,10.824656946065312,11.01530348942882,34.14965986394558
A,138,GLY,False,,,8.931508607172697,8.931508607172697,8.050854773599442,25.4421768707483
A,139,VAL,False,,,8.92672902019547,8.92672902019547,3.6084123779622126,25.306122448979593
A,140,ARG,False,,,11.843600550508278,11.843600550508278,29.352423761265037,44.08163265306123
A,141,ALA,False,,,12.05586322085648,12.05586322085648,0.0,45.17006802721088
A,142,VAL,False,,,9.845380033294806,9.845380033294806,0.0,30.20408163265306
A,143,ALA,False,,,11.743413387937938,11.743413387937938,0.0,43.265306122448976
A,144,ILE,False,,,11.579226658114955,11.579226658114955,2.0127136933998604,41.904761904761905
A,145,GLU,False,,,14.43609635600982,14.43609635600982,44.64412600261335,57.55102040816327
A,146,VAL,False,,,16.70732273585448,16.70732273585448,3.571530080209068,69.79591836734694
A,147,GLU,False,,,20.209879292069015,20.209879292069015,104.51199112550236,82.58503401360544
A,148,ASP,False,,,22.006256246804,22.006256246804,62.98549789650742,89.38775510204081
A,149,ALA,False,,,21.034250188680367,21.034250188680367,0.0,86.39455782312925
A,150,GLU,False,,,24.373957105894807,24.373957105894807,97.59587961837956,95.10204081632654
A,151,SER,False,,,23.95078002905125,23.95078002905125,44.476825721834174,94.14965986394557
A,152,ALA,False,,,20.241237141044518,20.241237141044518,2.0127136933998604,83.12925170068027
A,153,PHE,False,,,21.24429582264378,21.24429582264378,22.139850627398463,87.34693877551021
A,154,SER,False,,,23.92590182208395,23.92590182208395,66.13295485638392,93.74149659863946
A,155,ILE,False,,,22.00401665605623,22.00401665605623,56.355983415196086,89.25170068027211
A,156,SER,False,,,18.985525354859156,18.985525354859156,0.0,77.82312925170068
A,157,VAL,False,,,21.41962495003122,21.41962495003122,52.30073184213829,87.75510204081633
A,158,ALA,False,,,23.245859287193493,23.245859287193493,78.66313432337373,92.24489795918367
A,159,ASN,False,,,20.217418084414238,20.217418084414238,58.48920860278767,82.85714285714286
A,160,GLY,False,,,19.326349810556568,19.326349810556568,46.336355357445,78.91156462585035
A,161,ALA,False,,,17.9268608796967,17.9268608796967,5.357295120313602,74.82993197278911
A,162,ILE,False,,,19.17713946343406,19.17713946343406,68.43226557559525,78.36734693877551
A,163,PRO,False,,,20.356026257597527,20.356026257597527,70.41515508273703,83.94557823129252
A,164,SER,False,,,19.669778671861053,19.669778671861053,46.88378834930854,80.54421768707483
A,165,SER,False,,,21.770826833172872,21.770826833172872,9.609671160408649,88.57142857142857
A,166,PRO,False,,,24.32412411578267,24.32412411578267,80.50854773599441,94.82993197278911
A,167,PRO,False,,,24.994325956104518,24.994325956104518,36.850044068567314,95.64625850340136
A,168,ILE,False,,,26.442314535607508,26.442314535607508,52.33055602839637,98.0952380952381
A,169,VAL,False,,,27.295722393811086,27.295722393811086,93.08972572372751,99.31972789115646
A,170,LEU,False,,,27.25680608582011,27.25680608582011,14.088995853799021,99.18367346938776
A,171,ASN,False,,,30.2751978193372,30.2751978193372,108.2864471471823,99.8639455782313
A,172,GLU,False,,,30.281727328539237,30.281727328539237,74.58811166054933,100.0
A,173,ALA,False,,,27.226590789153164,27.226590789153164,43.82580394820627,99.04761904761905
A,174,VAL,False,,,23.919590715562006,23.919590715562006,2.0127136933998604,93.60544217687075
A,175,THR,False,,,23.238527965428446,23.238527965428446,16.071885360940808,92.10884353741497
A,176,ILE,False,,,21.136423987988127,21.136423987988127,4.025427386799721,87.07482993197279
A,177,ALA,False,,,20.465012338134567,20.465012338134567,0.0,84.21768707482993
A,178,GLU,False,,,17.58969738227466,17.58969738227466,3.571530080209068,73.19727891156462
A,179,VAL,False,,,16.653920229183278,16.653920229183278,0.0,69.65986394557824
A,180,LYS,False,,,14.775738018792834,14.775738018792834,100.78176872838496,59.72789115646258
A,181,LEU,False,,,11.24932891331745,11.24932891331745,10.94153889392253,38.775510204081634
A,182,TYR,False,,,10.471125536445449,10.471125536445449,12.076282160399161,33.605442176870746
A,183,GLY,False,,,11.689420900968535,11.689420900968535,37.78906611272531,42.44897959183673
A,184,ASP,False,,,12.845972676290417,12.845972676290417,75.71985994202956,49.795918367346935
A,185,VAL,False,,,11.040120742093357,11.040120742093357,6.038141080199581,35.91836734693877
A,186,VAL,False,,,12.565752106420053,12.565752106420053,2.0127136933998604,48.02721088435374
A,187,LEU,False,,,12.237512288042861,12.237512288042861,2.0127136933998604,45.98639455782313
A,188,ARG,False,,,14.990264507339422,14.990264507339422,12.948597720545933,61.36054421768708
A,189,TYR,False,,,16.405703093741522,16.405703093741522,2.0127136933998604,68.9795918367347
A,190,VAL,False,,,17.696913205415232,17.696913205415232,0.0,73.74149659863946
A,191,SER,False,,,20.079025349852017,20.079025349852017,5.357295120313602,82.17687074829932
A,192,TYR,False,,,22.566125520345757,22.566125520345757,86.10690773259347,90.8843537414966
A,193,LYS,False,,,25.962595209262116,25.962595209262116,169.423871749289,97.41496598639456
A,194,ALA,False,,,26.01573101029452,26.01573101029452,134.6021027297323,97.55102040816327
A,202,PHE,False,,,21.171861798150868,21.171861798150868,57.18856830025047,87.21088435374149
A,203,LEU,False,,,22.797911899996457,22.797911899996457,19.446290974112625,91.15646258503402
A,204,PRO,False,,,26.477780628292848,26.477780628292848,27.724094401007388,98.2312925170068
A,205,GLY,False,,,26.94460439494334,26.94460439494334,46.25693589516225,98.63945578231292
A,206,PHE,False,,,25.098173917637915,25.098173917637915,26.78647560156801,96.05442176870748
A,207,GLU,False,,,23.929253101590948,23.929253101590948,35.81183147235998,93.87755102040816
A,208,ARG,False,,,24.429216872425524,24.429216872425524,88.91111427913876,95.23809523809524
A,209,VAL,False,,,22.268844379536176,22.268844379536176,29.509859441111928,90.06802721088435
A,210,GLU,False,,,23.007909857264305,23.007909857264305,105.4368969466702,91.42857142857143
A,211,ASP,False,,,20.705320040994295,20.705320040994295,103.38730095551719,85.17006802721089
A,212,ALA,False,,,20.470044650659656,20.470044650659656,65.63652038526365,84.35374149659864
A,215,PHE,False,,,25.20145839033924,25.20145839033924,122.4790317827457,96.3265306122449
A,216,PRO,False,,,22.678393902567265,22.678393902567265,62.81819761572824,91.0204081632653
A,217,LEU,False,,,19.060366706860606,19.060366706860606,14.088995853799023,78.2312925170068
A,218,ASP,False,,,16.968023485368,16.968023485368,39.777610486643546,70.61224489795919
A,219,TYR,False,,,14.480527511109536,14.480527511109536,6.038141080199582,57.68707482993197
A,220,GLY,False,,,13.792506951239865,13.792506951239865,0.0,54.965986394557824
A,221,ILE,False,,,11.121011150070844,11.121011150070844,0.0,36.59863945578231
A,222,ARG,False,,,12.686069879990416,12.686069879990416,57.910548179947455,48.97959183673469
A,223,ARG,False,,,9.385153967836647,9.385153967836647,57.910548179947455,27.482993197278912
A,224,LEU,False,,,5.995859738186009,5.995859738186009,5.621126071362073,14.285714285714286
A,225,ASP,False,,,3.821446977258743,3.821446977258743,3.571530080209068,9.65986394557823
A,226,HIS,True,CO,2.5037615701180487,0.0,6.693666857560214,0.0,4.625850340136054
A,227,ALA,False,,,3.7825268009625526,3.7825268009625526,0.0,5.578231292517007
A,228,VAL,True,92L,3.7558765954168405,0.0,4.9174275795379,0.0,4.625850340136054
A,229,GLY,False,,,3.822935259718634,3.822935259718634,0.0,9.795918367346939
A,230,ASN,False,,,4.812135596593264,4.812135596593264,0.0,12.108843537414966
A,231,VAL,False,,,6.32078452409193,6.32078452409193,6.038141080199582,15.646258503401361
A,232,PRO,False,,,8.290464462260244,8.290464462260244,77.36109077611792,21.360544217687075
A,233,GLU,False,,,8.482004597970933,8.482004597970933,116.171258277064,22.312925170068027
A,234,LEU,False,,,6.398628368642768,6.398628368642768,16.101709547198883,15.918367346938776
A,235,GLY,False,,,10.017052510594123,10.017052510594123,37.63447881021766,31.020408163265305
A,236,PRO,False,,,11.900284114255426,11.900284114255426,81.42340046067078,44.625850340136054
A,237,ALA,False,,,9.602962511641918,9.602962511641918,16.101709547198883,28.843537414965986
A,238,LEU,False,,,9.711471000831953,9.711471000831953,40.027325214701875,29.387755102040817
A,239,THR,False,,,13.42695929836685,13.42695929836685,98.563322604077,52.925170068027214
A,240,TYR,False,,,13.795903594908161,13.795903594908161,51.91354101955886,55.10204081632653
A,241,VAL,False,,,11.136651785882504,11.136651785882504,6.038141080199582,36.87074829931973
A,242,ALA,False,,,11.699290833208652,11.699290833208652,34.86715456142553,42.72108843537415
A,243,GLY,False,,,15.299362274291044,15.299362274291044,25.484432054312204,62.857142857142854
A,244,PHE,False,,,16.029135784564307,16.029135784564307,0.0,66.66666666666667
A,245,THR,False,,,14.246041309781464,14.246041309781464,0.0,56.46258503401361
A,246,GLY,False,,,14.599379644354757,14.599379644354757,6.038141080199581,59.04761904761905
A,247,PHE,False,,,11.308142287750009,11.308142287750009,10.94153889392253,39.183673469387756
A,248,HIS,False,,,11.527096598883867,11.527096598883867,8.050854773599442,41.224489795918366
A,249,GLN,False,,,9.372171039839172,9.372171039839172,112.38704237420691,27.07482993197279
A,250,PHE,False,,,8.903487462786703,8.903487462786703,9.382722507113323,25.034013605442176
A,251,ALA,False,,,10.33982320932036,10.33982320932036,35.84871377011312,32.925170068027214
A,252,GLU,False,,,7.789844221805722,7.789844221805722,81.09992113710615,19.45578231292517
A,253,PHE,False,,,7.840104910012363,7.840104910012363,190.08717382950022,19.591836734693878
A,263,SER,False,,,7.686392261653055,7.686392261653055,136.8459748105833,19.047619047619047
A,264,GLY,False,,,9.633010380976447,9.633010380976447,17.697408231761234,29.1156462585034
A,265,LEU,False,,,6.101251429010278,6.101251429010278,26.58935113453076,14.693877551020408
A,266,ASN,False,,,3.7886931783927804,3.7886931783927804,57.77007710042994,6.122448979591836
A,267,SER,True,92L,3.678867352868271,0.0,4.696335379846715,25.111357454722913,4.625850340136054
A,268,ALA,False,,,3.7890777241962197,3.7890777241962197,8.050854773599442,6.258503401360544
A,269,VAL,False,,,3.946898655906939,3.946898655906939,11.696149449314799,10.612244897959183
A,270,LEU,False,,,6.027893330177633,6.027893330177633,6.038141080199581,14.421768707482993
A,271,ALA,False,,,8.558770063507955,8.558770063507955,0.0,22.72108843537415
A,272,SER,False,,,11.469215361130857,11.469215361130857,0.0,40.40816326530612
A,273,ASN,False,,,14.534662328379014,14.534662328379014,52.44400941109302,58.36734693877551
A,274,ASP,False,,,13.118462219330434,13.118462219330434,56.32615922893801,51.42857142857143
A,275,GLU,False,,,9.897502210153833,9.897502210153833,35.94224945538601,30.34013605442177
A,276,MET,False,,,8.211993546027664,8.211993546027664,30.227650530604123,21.08843537414966
A,277,VAL,False,,,6.799014634489326,6.799014634489326,0.0,17.959183673469386
A,278,LEU,False,,,4.811528863053822,4.811528863053822,2.0127136933998604,11.97278911564626
A,279,LEU,False,,,3.8207734819012757,3.8207734819012757,6.038141080199582,9.523809523809524
A,280,PRO,True,92L,3.4442771375137644,0.0,4.9174275795379,0.0,4.625850340136054
A,281,ILE,False,,,3.8106112370589558,3.8106112370589558,4.025427386799721,8.979591836734693
A,282,ASN,True,92L,3.5400707620046217,0.0,4.696335379846715,0.0,4.625850340136054
A,283,GLU,False,,,3.7727870334806886,3.7727870334806886,41.07259592240428,5.170068027210885
A,284,PRO,False,,,6.682032849365527,6.682032849365527,35.51817633505343,17.41496598639456
A,285,VAL,False,,,9.383295689681745,9.383295689681745,111.32045072436213,27.346938775510203
A,291,LYS,False,,,14.72668017578979,14.72668017578979,237.27603176942338,59.59183673469388
A,292,SER,False,,,10.949132020393215,10.949132020393215,11.886215804856981,34.965986394557824
A,293,GLN,False,,,10.47054177203835,10.47054177203835,101.89093943066138,33.46938775510204
A,294,ILE,False,,,7.240882128580743,7.240882128580743,10.063568466999302,18.91156462585034
A,295,GLN,False,,,10.046089836349266,10.046089836349266,77.13129374548335,31.292517006802722
A,296,THR,False,,,11.133278672520506,11.133278672520506,37.30394137515797,36.734693877551024
A,297,TYR,False,,,7.718867403965429,7.718867403965429,3.571530080209068,19.183673469387756
A,298,LEU,False,,,9.600774395849536,9.600774395849536,25.484432054312208,28.707482993197278
A,299,GLU,False,,,12.627397950488454,12.627397950488454,94.47824684476113,48.843537414965986
A,300,HIS,False,,,11.719838778754594,11.719838778754594,19.93707057845642,43.12925170068027
A,301,ASN,False,,,9.714315930625276,9.714315930625276,10.825237133886638,29.523809523809526
A,302,GLU,False,,,12.614759094013646,12.614759094013646,69.9314335898883,48.70748299319728
A,303,GLY,False,,,11.520898923261154,11.520898923261154,30.00063904545572,40.95238095238095
A,304,ALA,False,,,9.245641784105635,9.245641784105635,19.13992285853455,26.93877551020408
A,305,GLY,False,,,6.538909771513903,6.538909771513903,4.025427386799721,16.598639455782312
A,306,LEU,False,,,3.836975501615824,3.836975501615824,7.633839764761934,10.476190476190476
A,307,GLN,True,92L,4.153216223603101,0.0,3.7807732013438735,9.113236689288392,4.625850340136054
A,308,HIS,True,CO,2.3704733704473453,0.0,3.7807732013438735,0.0,4.625850340136054
A,309,LEU,False,,,3.7681029709921674,3.7681029709921674,0.0,4.761904761904762
A,310,ALA,False,,,4.278045464929047,4.278045464929047,0.0,10.884353741496598
A,311,LEU,False,,,6.126287456526995,6.126287456526995,0.0,14.829931972789115
A,312,MET,False,,,8.646151109019549,8.646151109019549,34.216132787797626,23.537414965986393
A,313,SER,False,,,9.999807348144264,9.999807348144264,0.0,30.8843537414966
A,314,GLU,False,,,12.36669899366844,12.36669899366844,103.18012339198849,46.802721088435376
A,315,ASP,False,,,11.200560075281953,11.200560075281953,66.33007932342116,37.55102040816327
A,316,ILE,False,,,7.985507247507826,7.985507247507826,0.0,20.272108843537413
A,317,PHE,False,,,10.381974426861202,10.381974426861202,29.509859441111928,33.197278911564624
A,318,ARG,False,,,13.028012357992298,13.028012357992298,86.20059002552352,51.02040816326531
A,319,THR,False,,,11.24426987402917,11.24426987402917,0.0,38.36734693877551
A,320,LEU,False,,,10.156250587692291,10.156250587692291,0.0,32.10884353741496
A,321,ARG,False,,,13.595963592184265,13.595963592184265,151.969078246189,53.46938775510204
A,322,GLU,False,,,14.334210930497711,14.334210930497711,50.22836977622228,57.006802721088434
A,323,MET,False,,,11.321768678082062,11.321768678082062,0.0,39.31972789115646
A,324,ARG,False,,,11.525243337995082,11.525243337995082,83.6672725415218,41.08843537414966
A,325,LYS,False,,,15.255202424091268,15.255202424091268,112.45234561349953,62.44897959183673
A,326,ARG,False,,,14.975914729992288,14.975914729992288,31.555203810207082,61.224489795918366
A,327,SER,False,,,12.70852064561411,12.70852064561411,11.622384853808509,49.25170068027211
A,328,SER,False,,,16.01367696689302,16.01367696689302,77.0815518618015,66.53061224489795
A,329,ILE,False,,,18.07811132281246,18.07811132281246,36.228846481197486,75.23809523809524
A,330,GLY,False,,,15.599287195253506,15.599287195253506,7.443773409219752,65.3061224489796
A,331,GLY,False,,,12.985762549808156,12.985762549808156,0.0,50.476190476190474
A,332,PHE,False,,,9.718788298959904,9.718788298959904,2.0127136933998604,29.79591836734694
A,333,ASP,False,,,8.75295121658975,8.75295121658975,47.44833254915862,24.35374149659864
A,334,PHE,False,,,5.840284325270474,5.840284325270474,12.537237578484884,13.605442176870747
A,335,MET,False,,,6.028846075328181,6.028846075328181,85.0406511859651,14.5578231292517
A,336,PRO,False,,,9.441806712700702,9.441806712700702,114.69485633753396,27.61904761904762
A,337,SER,False,,,9.027569772646459,9.027569772646459,66.89462352327125,25.98639455782313
A,338,PRO,False,,,8.158012870791513,8.158012870791513,18.31154770763599,20.952380952380953
A,339,PRO,False,,,11.282054821706902,11.282054821706902,16.101709547198883,38.91156462585034
A,340,PRO,False,,,11.970701357898792,11.970701357898792,72.45769296239497,44.89795918367347
A,341,THR,False,,,12.605032249066243,12.605032249066243,14.088995853799021,48.435374149659864
A,342,TYR,False,,,9.005843602905838,9.005843602905838,0.0,25.714285714285715
A,343,TYR,False,,,8.879882769496456,8.879882769496456,13.408149893913045,24.761904761904763
A,344,GLN,False,,,12.514482730021246,12.514482730021246,124.61085372561868,47.755102040816325
A,345,ASN,False,,,11.716587643166422,11.716587643166422,39.3791099305112,42.993197278911566
A,346,LEU,False,,,9.727436301513364,9.727436301513364,0.0,30.068027210884352
A,347,LYS,False,,,13.109676845750238,13.109676845750238,122.70457719132241,51.29251700680272
A,348,LYS,False,,,14.650084027062778,14.650084027062778,200.7876059592353,59.183673469387756
A,349,ARG,False,,,11.943100141922947,11.943100141922947,38.512449237140885,44.76190476190476
A,350,VAL,False,,,11.409583734738089,11.409583734738089,2.0127136933998604,39.72789115646258
A,351,GLY,False,,,13.667083485513654,13.667083485513654,34.64726401962527,54.285714285714285
A,352,ASP,False,,,16.057983248216445,16.057983248216445,106.40134494737126,66.93877551020408
A,353,VAL,False,,,13.890441533659034,13.890441533659034,56.977181002565914,55.51020408163265
A,354,LEU,False,,,12.260601698122324,12.260601698122324,11.622384853808509,46.394557823129254
A,355,SER,False,,,14.88756306451798,14.88756306451798,56.626872477739624,60.68027210884354
A,356,ASP,False,,,14.824759390964832,14.824759390964832,84.90545798210563,60.0
A,357,ASP,False,,,14.897295257864766,14.897295257864766,104.0580938189117,60.816326530612244
A,358,GLN,False,,,11.878743157421997,11.878743157421997,70.29035007858545,44.35374149659864
A,359,ILE,False,,,10.079577471303049,10.079577471303049,16.101709547198883,31.564625850340136
A,360,LYS,False,,,12.03194606038441,12.03194606038441,113.23818359986849,45.034013605442176
A,361,GLU,False,,,10.905011416775313,10.905011416775313,71.46042579043944,34.5578231292517
A,362,CYS,False,,,7.169182938103893,7.169182938103893,0.0,18.639455782312925
A,363,GLU,False,,,8.644233858474676,8.644233858474676,92.88960627169385,23.401360544217688
A,364,GLU,False,,,11.097734813915853,11.097734813915853,117.69319236612007,36.19047619047619
A,365,LEU,False,,,9.083938848319049,9.083938848319049,18.114423240598743,26.258503401360546
A,366,GLY,False,,,6.599138731683097,6.599138731683097,7.143060160418136,16.73469387755102
A,367,ILE,False,,,3.8128055287412717,3.8128055287412717,0.0,9.387755102040817
A,368,LEU,True,92L,3.917563783781952,0.0,5.10351192807463,16.101709547198883,4.625850340136054
A,369,VAL,False,,,3.8097687593868494,3.8097687593868494,0.0,8.299319727891156
A,370,ASP,False,,,5.956747518570854,5.956747518570854,19.643415441149877,14.149659863945578
A,371,ARG,False,,,7.89752334596106,7.89752334596106,80.70282382569242,20.0
A,372,ASP,False,,,9.16706245206173,9.16706245206173,22.33697509443571,26.53061224489796
A,373,ASP,False,,,12.380265506038228,12.380265506038228,64.77126293661196,47.074829931972786
A,374,GLN,False,,,12.337457233968433,12.337457233968433,81.0531323505187,46.666666666666664
A,375,GLY,False,,,11.061209969980682,11.061209969980682,6.038141080199581,36.054421768707485
A,376,THR,False,,,9.60024650725178,9.60024650725178,3.571530080209068,28.571428571428573
A,377,LEU,False,,,6.427119572561257,6.427119572561257,2.0127136933998604,16.19047619047619
A,378,LEU,False,,,3.8299839425250877,3.8299839425250877,4.025427386799721,9.931972789115646
A,379,GLN,True,92L,3.725324415403307,0.0,5.10351192807463,0.0,4.625850340136054
A,380,ILE,False,,,3.810589586927466,3.810589586927466,4.025427386799721,8.843537414965986
A,381,PHE,True,92L,2.653817062270872,0.0,4.659879075684261,7.860788418057259,4.625850340136054
A,382,THR,False,,,3.7743392799270166,3.7743392799270166,0.0,5.3061224489795915
A,383,LYS,False,,,5.736534668247025,5.736534668247025,94.51667899489004,13.061224489795919
A,384,PRO,False,,,4.50093379200361,4.50093379200361,64.15006534924213,11.428571428571429
A,385,LEU,False,,,5.628811686315327,5.628811686315327,0.0,12.789115646258503
A,386,GLY,False,,,8.764900798069537,8.764900798069537,10.751472538380348,24.489795918367346
A,387,ASP,False,,,11.103784760161735,11.103784760161735,16.29883401423613,36.46258503401361
A,388,ARG,False,,,10.173297449696436,10.173297449696436,15.151377769487974,32.38095238095238
A,389,PRO,False,,,7.997446717546796,7.997446717546796,34.02606643225544,20.408163265306122
A,390,THR,False,,,6.304949801544814,6.304949801544814,10.714590240627205,15.510204081632653
A,391,ILE,False,,,3.811992392437321,3.811992392437321,6.038141080199582,9.251700680272108
A,392,PHE,True,92L,3.3383728072221057,0.0,5.036490941121607,26.165278014198183,4.625850340136054
A,393,ILE,False,,,3.810817366392672,3.810817366392672,0.0,9.115646258503402
A,394,GLU,True,CO,2.067134006299542,0.0,4.659879075684261,0.0,4.625850340136054
A,395,ILE,False,,,3.791823571845087,3.791823571845087,0.0,6.530612244897959
A,396,ILE,False,,,4.348202502184091,4.348202502184091,0.0,11.156462585034014
A,397,GLN,False,,,6.617355438541895,6.617355438541895,38.355013557294,16.87074829931973
A,398,ARG,False,,,8.651726301727303,8.651726301727303,14.96696628072225,23.6734693877551
A,399,VAL,False,,,11.245511371209405,11.245511371209405,58.36869710859595,38.50340136054422
A,400,GLY,False,,,13.935194365347046,13.935194365347046,52.117723598091175,55.64625850340136
A,401,CYS,False,,,14.27913253667743,14.27913253667743,14.088995853799023,56.734693877551024
A,402,MET,False,,,17.09032574294592,17.09032574294592,144.50555469115366,71.15646258503402
A,403,MET,False,,,19.451554410894776,19.451554410894776,195.50608605372622,79.45578231292517
A,412,GLN,False,,,14.509356050493766,14.509356050493766,77.8177945721458,57.95918367346939
A,413,SER,False,,,13.168299928236747,13.168299928236747,35.74512498834876,51.70068027210884
A,414,GLY,False,,,9.639328503583638,9.639328503583638,10.862119431639783,29.25170068027211
A,415,GLY,False,,,7.210701630216024,7.210701630216024,0.0,18.775510204081634
A,416,CYS,False,,,8.631863877517995,8.631863877517995,0.0,23.12925170068027
A,417,GLY,False,,,6.65818060734312,6.65818060734312,1.785765040104534,17.142857142857142
A,418,GLY,False,,,3.7934477721460715,3.7934477721460715,10.063568466999302,6.666666666666667
A,419,PHE,True,92L,3.290286005805575,0.0,3.815309554937842,11.506083093772617,4.625850340136054
A,420,GLY,True,92L,3.4675201513473577,0.0,3.815309554937842,1.8226473378576786,4.625850340136054
A,421,LYS,True,92L,3.7471622596306102,0.0,3.8286057514452945,75.08029450961173,4.625850340136054
A,422,GLY,False,,,3.8102013070177767,3.8102013070177767,29.129726730027564,8.70748299319728
A,423,ASN,True,92L,3.1798938661533995,0.0,3.821704985997741,0.0,4.625850340136054
A,424,PHE,True,92L,3.382130245865761,0.0,3.821704985997741,66.61667634923263,4.625850340136054
A,425,SER,False,,,3.830910205160123,3.830910205160123,74.48452287878496,10.068027210884354
A,426,GLU,False,,,4.853539842218251,4.853539842218251,29.253086601558522,12.244897959183673
A,427,LEU,False,,,5.450502362168094,5.450502362168094,52.33055602839637,12.380952380952381
A,428,PHE,False,,,6.427597762772652,6.427597762772652,120.57275524844943,16.3265306122449
A,429,LYS,False,,,8.890639796999986,8.890639796999986,98.3180061057337,24.897959183673468
A,430,SER,False,,,10.138024758304747,10.138024758304747,0.0,31.972789115646258
A,431,ILE,False,,,10.984235476354282,10.984235476354282,103.07247148372545,35.51020408163265
A,432,GLU,False,,,12.809864831449232,12.809864831449232,135.32389411387007,49.523809523809526
A,433,GLU,False,,,14.795564571857337,14.795564571857337,77.07449375030644,59.863945578231295
A,434,TYR,False,,,16.624166625728943,16.624166625728943,224.39684230257075,69.52380952380952
B,29,PHE,False,,,22.244277219096155,22.244277219096155,261.4370993343374,89.79591836734694
B,30,SER,False,,,18.899562693353513,18.899562693353513,116.39820693035934,76.87074829931973
B,31,LYS,False,,,18.118941911712174,18.118941911712174,178.26762262075246,75.37414965986395
B,32,PHE,False,,,15.402710832837188,15.402710832837188,62.247998549101695,63.40136054421769
B,33,VAL,False,,,17.015248984366934,17.015248984366934,109.0013689153842,70.8843537414966
B,34,ARG,False,,,15.39273026464116,15.39273026464116,81.32121492362502,63.265306122448976
B,35,LYS,False,,,17.110798052691756,17.110798052691756,182.1682868913026,71.29251700680273
B,36,ASN,False,,,16.254288449513872,16.254288449513872,55.94742976257226,68.43537414965986
B,37,PRO,False,,,17.906334186538572,17.906334186538572,99.09098450617394,74.6938775510204
B,38,LYS,False,,,17.111367625061416,17.111367625061416,110.96869706691524,71.42857142857143
B,39,SER,False,,,17.24571001727676,17.24571001727676,48.502253108633894,71.70068027210884
B,40,ASP,False,,,16.46326264748273,16.46326264748273,28.572240641672543,69.25170068027211
B,41,LYS,False,,,18.747792243354947,18.747792243354947,86.70548585285748,76.4625850340136
B,42,PHE,False,,,19.345041793700005,19.345041793700005,15.874760893903556,79.04761904761905
B,43,LYS,False,,,18.026004021967818,18.026004021967818,114.870764582184,74.96598639455782
B,44,VAL,False,,,14.57730119054964,14.57730119054964,9.382722507113323,58.775510204081634
B,45,LYS,False,,,13.686873346385578,13.686873346385578,82.93542806089255,54.42176870748299
B,46,ARG,False,,,10.578858445030827,10.578858445030827,96.37620863050088,33.74149659863946
B,47,PHE,False,,,8.48683574720284,8.48683574720284,21.88307778784506,22.448979591836736
B,48,HIS,False,,,11.588947493193675,11.588947493193675,11.659267151561654,42.04081632653061
B,49,HIS,False,,,11.488466999560906,11.488466999560906,2.0127136933998604,40.68027210884354
B,50,ILE,False,,,10.954683655861539,10.954683655861539,0.0,35.10204081632653
B,51,GLU,False,,,12.986686721408198,12.986686721408198,3.571530080209068,50.61224489795919
B,52,PHE,False,,,12.249406761145618,12.249406761145618,2.0127136933998604,46.12244897959184
B,53,TRP,False,,,14.537863151096174,14.537863151096174,6.038141080199581,58.50340136054422
B,54,CYS,False,,,15.353143554334403,15.353143554334403,0.0,62.993197278911566
B,55,GLY,False,,,17.662579822891104,17.662579822891104,10.978421191675675,73.60544217687075
B,56,ASP,False,,,14.49724753185928,14.49724753185928,9.229538449324286,57.82312925170068
B,57,ALA,False,,,16.11171278914815,16.11171278914815,0.0,67.07482993197279
B,58,THR,False,,,13.348272285206052,13.348272285206052,13.862047200503696,52.6530612244898
B,59,ASN,False,,,13.459598285238679,13.459598285238679,0.0,53.197278911564624
B,60,VAL,False,,,14.075594694363716,14.075594694363716,8.050854773599442,55.91836734693877
B,61,ALA,False,,,15.415812271820126,15.415812271820126,4.025427386799721,63.673469387755105
B,62,ARG,False,,,16.221144410922427,16.221144410922427,62.01114340697207,67.75510204081633
B,63,ARG,False,,,14.186785752946298,14.186785752946298,11.316016738230434,56.19047619047619
B,64,PHE,False,,,12.092038744562474,12.092038744562474,0.0,45.30612244897959
B,65,SER,False,,,15.451323632621254,15.451323632621254,10.94153889392253,64.21768707482993
B,66,TRP,False,,,16.30098911109384,16.30098911109384,26.165278014198186,68.84353741496598
B,67,GLY,False,,,12.882491994951911,12.882491994951911,0.0,50.06802721088435
B,68,LEU,False,,,11.099902927503463,11.099902927503463,0.0,36.326530612244895
B,69,GLY,False,,,14.282366680631046,14.282366680631046,0.0,56.87074829931973
B,70,MET,False,,,15.198448539242415,15.198448539242415,0.0,62.31292517006803
B,71,ARG,False,,,18.925638721057737,18.925638721057737,97.8187232572742,77.14285714285714
B,72,PHE,False,,,21.046430908826324,21.046430908826324,85.94666556330937,86.66666666666667
B,73,SER,False,,,22.505737357394,22.505737357394,31.522573134511788,90.61224489795919
B,74,ALA,False,,,22.88330083270331,22.88330083270331,4.025427386799721,91.29251700680273
B,75,LYS,False,,,20.25507632668907,20.25507632668907,52.36458994881027,83.26530612244898
B,76,SER,False,,,20.718997490226208,20.718997490226208,1.785765040104534,85.3061224489796
B,77,ASP,False,,,17.525305532286733,17.525305532286733,14.740017627426926,72.92517006802721
B,78,LEU,False,,,16.229627876202215,16.229627876202215,46.26259076193871,68.02721088435374
B,79,SER,False,,,16.299546190001735,16.299546190001735,73.34977961230834,68.70748299319727
B,80,THR,False,,,19.995406497493367,19.995406497493367,47.79158296248984,81.63265306122449
B,81,GLY,False,,,20.89654765744811,20.89654765744811,33.30833817461632,85.98639455782313
B,82,ASN,False,,,20.93743895513489,20.93743895513489,2.0127136933998604,86.25850340136054
B,83,MET,False,,,19.75754058581179,19.75754058581179,61.81171510532218,81.08843537414965
B,84,VAL,False,,,21.50585338925196,21.50585338925196,63.72599222890955,88.16326530612245
B,85,HIS,False,,,19.921730120649663,19.921730120649663,0.0,81.36054421768708
B,86,ALA,False,,,17.80815821470598,17.80815821470598,0.0,74.14965986394557
B,87,SER,False,,,20.095869973703554,20.095869973703554,0.0,82.31292517006803
B,88,TYR,False,,,19.48323517796775,19.48323517796775,20.097312747740528,79.59183673469387
B,89,LEU,False,,,18.778783160790795,18.778783160790795,2.0127136933998604,76.59863945578232
B,90,LEU,False,,,17.12100505227424,17.12100505227424,2.0127136933998604,71.56462585034014
B,91,THR,False,,,16.281011854304385,16.281011854304385,33.05156533506292,68.57142857142857
B,92,SER,False,,,15.057941525985548,15.057941525985548,8.050854773599442,61.904761904761905
B,93,GLY,False,,,15.45782656132485,15.45782656132485,55.83678286931283,64.35374149659864
B,94,ASP,False,,,13.202075670136114,13.202075670136114,107.40267524582545,51.97278911564626
B,95,LEU,False,,,11.221261292742449,11.221261292742449,0.0,37.82312925170068
B,96,ARG,False,,,13.123337494707663,13.123337494707663,74.88172490995386,51.564625850340136
B,97,PHE,False,,,13.24352800427439,13.24352800427439,0.0,52.244897959183675
B,98,LEU,False,,,15.438598803000227,15.438598803000227,0.0,63.945578231292515
B,99,PHE,False,,,15.777730571916864,15.777730571916864,0.0,65.98639455782313
B,100,THR,False,,,18.266267215827103,18.266267215827103,0.0,75.64625850340136
B,101,ALA,False,,,18.989774116613393,18.989774116613393,0.0,77.95918367346938
B,102,PRO,False,,,19.67443872134603,19.67443872134603,20.32426140103585,80.68027210884354
B,103,TYR,False,,,17.471675420519922,17.471675420519922,7.596957467008789,72.51700680272108
B,104,SER,False,,,17.783015211150218,17.783015211150218,8.92882520052267,74.01360544217687
B,105,PRO,False,,,21.124951242547283,21.124951242547283,100.57603629747686,86.93877551020408
B,106,SER,False,,,19.65831050726384,19.65831050726384,75.32561100795506,80.40816326530613
B,107,LEU,False,,,19.483393698224138,19.483393698224138,71.5200741629556,79.72789115646259
B,117,THR,False,,,25.12961036307567,25.12961036307567,96.54070242184284,96.19047619047619
B,118,ALA,False,,,25.20251410077971,25.20251410077971,49.841178953642846,96.4625850340136
B,119,SER,False,,,26.30515803031793,26.30515803031793,8.050854773599442,97.95918367346938
B,120,ILE,False,,,23.629185047309605,23.629185047309605,7.823906120304114,92.78911564625851
B,121,PRO,False,,,25.439968356898557,25.439968356898557,45.35479614875741,96.87074829931973
B,122,SER,False,,,22.251984203661475,22.251984203661475,23.668842827949593,89.93197278911565
B,123,PHE,False,,,22.18182113804004,22.18182113804004,31.302682592711527,89.52380952380952
B,124,ASP,False,,,23.254474386663738,23.254474386663738,79.4814563777808,92.38095238095238
B,125,HIS,False,,,24.027956259324263,24.027956259324263,53.012805233000954,94.28571428571429
B,126,GLY,False,,,23.619100406239014,23.619100406239014,39.15641289927372,92.51700680272108
B,127,SER,False,,,20.33521039969835,20.33521039969835,57.43813642065163,83.5374149659864
B,128,CYS,False,,,18.870684672263483,18.870684672263483,0.0,76.73469387755102
B,129,ARG,False,,,20.354491936670883,20.354491936670883,33.26580101008672,83.80952380952381
B,130,SER,False,,,18.945138004247948,18.945138004247948,70.5824553635162,77.68707482993197
B,131,PHE,False,,,15.426409335940752,15.426409335940752,13.898929498256841,63.80952380952381
B,132,PHE,False,,,15.715336267480884,15.715336267480884,7.596957467008789,65.85034013605443
B,133,SER,False,,,17.812042471316982,17.812042471316982,34.18630860153955,74.28571428571429
B,134,SER,False,,,15.478869403157324,15.478869403157324,29.282910787816597,64.62585034013605
B,135,HIS,False,,,11.81956771629149,11.81956771629149,19.93707057845642,43.945578231292515
B,136,GLY,False,,,12.59599610987555,12.59599610987555,6.038141080199581,48.29931972789116
B,137,LEU,False,,,10.914315645059933,10.914315645059933,11.168487547217858,34.69387755102041
B,138,GLY,False,,,8.63677543994285,8.63677543994285,10.063568466999302,23.26530612244898
B,139,VAL,False,,,8.56696474838084,8.56696474838084,7.143060160418136,22.857142857142858
B,140,ARG,False,,,11.428984950554444,11.428984950554444,27.339710067865177,40.0
B,141,ALA,False,,,12.219309759556797,12.219309759556797,0.0,45.85034013605442
B,142,VAL,False,,,10.020922662110506,10.020922662110506,2.0127136933998604,31.156462585034014
B,143,ALA,False,,,11.61980877639559,11.61980877639559,0.0,42.17687074829932
B,144,ILE,False,,,11.436184722187727,11.436184722187727,0.0,40.136054421768705
B,145,GLU,False,,,14.243567179607783,14.243567179607783,41.29954457569961,56.326530612244895
B,146,VAL,False,,,16.72962456243415,16.72962456243415,0.0,69.93197278911565
B,147,GLU,False,,,20.23852986261601,20.23852986261601,104.28504247220704,82.99319727891157
B,148,ASP,False,,,21.813662163882526,21.813662163882526,62.30465193662145,88.70748299319727
B,149,ALA,False,,,20.62958586593536,20.62958586593536,0.0,84.89795918367346
B,150,GLU,False,,,24.17735936780524,24.17735936780524,91.13366541784738,94.6938775510204
B,151,SER,False,,,23.62092735266759,23.62092735266759,33.53528682791165,92.65306122448979
B,152,ALA,False,,,20.021311520477372,20.021311520477372,2.0127136933998604,81.7687074829932
B,153,PHE,False,,,21.45431289974116,21.45431289974116,32.203419094397766,87.89115646258503
B,154,SER,False,,,24.07371732823994,24.07371732823994,65.67905754979326,94.421768707483
B,155,ILE,False,,,21.8729080828316,21.8729080828316,50.31784233499651,88.84353741496598
B,156,SER,False,,,18.94190755969419,18.94190755969419,0.0,77.55102040816327
B,157,VAL,False,,,21.47387922570116,21.47387922570116,50.514966802033754,88.02721088435374
B,158,ALA,False,,,23.158589184145047,23.158589184145047,82.2346644035828,91.97278911564626
B,159,ASN,False,,,20.205852370043687,20.205852370043687,62.134503278503026,82.44897959183673
B,160,GLY,False,,,19.593133159349478,19.593133159349478,51.23975317116795,80.1360544217687
B,161,ALA,False,,,17.77563177498904,17.77563177498904,5.357295120313602,73.87755102040816
B,162,ILE,False,,,19.58651367650711,19.58651367650711,70.44497926899511,79.8639455782313
B,163,PRO,False,,,20.85726187686198,20.85726187686198,80.02482624314568,85.85034013605443
B,164,SER,False,,,20.027448689236483,20.027448689236483,50.455318429517604,81.9047619047619
B,165,SER,False,,,21.990129672196115,21.990129672196115,8.92882520052267,89.1156462585034
B,166,PRO,False,,,24.353559308651374,24.353559308651374,70.44497926899511,94.96598639455782
B,167,PRO,False,,,24.463357046815954,24.463357046815954,35.29122768175811,95.37414965986395
B,168,ILE,False,,,26.14214788421181,26.14214788421181,52.330556028396366,97.68707482993197
B,169,VAL,False,,,27.092252656432983,27.092252656432983,89.29124699022312,98.77551020408163
B,170,LEU,False,,,27.13632150826637,27.13632150826637,20.127136933998603,98.91156462585035
B,171,ASN,False,,,30.05301818453514,30.05301818453514,122.22931705468736,99.59183673469387
B,172,GLU,False,,,30.184832267216592,30.184832267216592,92.1819311105462,99.72789115646259
B,173,ALA,False,,,27.389555929222364,27.389555929222364,45.15767168172016,99.45578231292517
B,174,VAL,False,,,23.949807118221226,23.949807118221226,8.050854773599442,94.01360544217687
B,175,THR,False,,,23.144526372341257,23.144526372341257,17.85765040104534,91.83673469387755
B,176,ILE,False,,,20.809854132117312,20.809854132117312,7.596957467008789,85.578231292517
B,177,ALA,False,,,20.352093381271615,20.352093381271615,0.0,83.6734693877551
B,178,GLU,False,,,17.89108943021637,17.89108943021637,1.785765040104534,74.5578231292517
B,179,VAL,False,,,16.943406652736634,16.943406652736634,0.0,70.47619047619048
B,180,LYS,False,,,15.040680204033327,15.040680204033327,91.85859839463876,61.7687074829932
B,181,LEU,False,,,11.44292925784303,11.44292925784303,9.382722507113323,40.27210884353742
B,182,TYR,False,,,10.842300908939949,10.842300908939949,23.925615667502996,34.285714285714285
B,183,GLY,False,,,11.55244792241021,11.55244792241021,39.80177980612517,41.7687074829932
B,184,ASP,False,,,12.47744448995867,12.47744448995867,61.169908670144814,47.48299319727891
B,185,VAL,False,,,10.78654017746191,10.78654017746191,3.7984787335043944,34.01360544217687
B,186,VAL,False,,,13.202308699617653,13.202308699617653,2.0127136933998604,52.10884353741496
B,187,LEU,False,,,12.606752912625835,12.606752912625835,4.025427386799721,48.57142857142857
B,188,ARG,False,,,15.00915893712902,15.00915893712902,9.493369400372757,61.49659863945578
B,189,TYR,False,,,16.231179809243688,16.231179809243688,0.0,68.16326530612245
B,190,VAL,False,,,17.332600208854988,17.332600208854988,0.0,71.97278911564626
B,191,SER,False,,,19.75149181707549,19.75149181707549,3.571530080209068,80.95238095238095
B,192,TYR,False,,,22.220374906828194,22.220374906828194,76.87736928326919,89.65986394557824
B,193,LYS,False,,,25.782132689131828,25.782132689131828,93.47691654630694,97.27891156462584
B,194,ALA,False,,,25.70926599496765,25.70926599496765,134.1552635346367,97.14285714285714
B,202,PHE,False,,,20.844806691356002,20.844806691356002,68.77407085630584,85.71428571428571
B,203,LEU,False,,,22.55958381708315,22.55958381708315,18.992393667521974,90.74829931972789
B,204,PRO,False,,,26.206656482657223,26.206656482657223,29.282910787816597,97.82312925170068
B,205,GLY,False,,,26.898541094267546,26.898541094267546,45.95622264636064,98.50340136054422
B,206,PHE,False,,,25.022698335711123,25.022698335711123,27.013424254863335,95.78231292517007
B,207,GLU,False,,,23.66951188765835,23.66951188765835,38.241560174597346,93.19727891156462
B,208,ARG,False,,,24.485710404233732,24.485710404233732,92.44576206159468,95.51020408163265
B,209,VAL,False,,,21.74145215941198,21.74145215941198,42.01021472184367,88.43537414965986
B,211,ASP,False,,,20.492357477850128,20.492357477850128,116.93167030688991,84.62585034013605
B,212,ALA,False,,,21.665547835215243,21.665547835215243,99.09804261766902,88.29931972789116
B,213,SER,False,,,20.636480562343962,20.636480562343962,52.37449643764458,85.03401360544218
B,214,SER,False,,,23.82849248274007,23.82849248274007,86.8984005857389,93.33333333333333
B,215,PHE,False,,,25.248546057149508,25.248546057149508,202.38334653169963,96.59863945578232
B,216,PRO,False,,,22.46972483142595,22.46972483142595,58.79277022892852,90.47619047619048
B,217,LEU,False,,,18.937493867985804,18.937493867985804,25.975211658656,77.41496598639456
B,218,ASP,False,,,16.732443635046252,16.732443635046252,47.63839890470081,70.06802721088435
B,219,TYR,False,,,14.258778418924953,14.258778418924953,6.038141080199581,56.59863945578231
B,220,GLY,False,,,13.653834260016486,13.653834260016486,0.0,54.14965986394558
B,221,ILE,False,,,10.979639383877776,10.979639383877776,2.0127136933998604,35.23809523809524
B,222,ARG,False,,,12.531626151461749,12.531626151461749,60.49346093997386,47.89115646258504
B,223,ARG,False,,,9.218953790967825,9.218953790967825,46.59453144171702,26.802721088435373
B,224,LEU,False,,,5.7877958671673975,5.7877958671673975,9.873502111457121,13.333333333333334
B,225,ASP,False,,,3.7917840128361764,3.7917840128361764,7.143060160418136,6.394557823129252
B,226,HIS,True,CO,2.2447051031260212,0.0,6.452374059212621,0.0,4.625850340136054
B,227,ALA,False,,,3.8005323311346797,3.8005323311346797,0.0,7.346938775510204
B,228,VAL,True,92L,3.9024523059225182,0.0,4.897530091791168,0.0,4.625850340136054
B,229,GLY,False,,,3.805458579461876,3.805458579461876,0.0,7.891156462585034
B,230,ASN,False,,,4.728551046568071,4.728551046568071,0.0,11.564625850340136
B,231,VAL,False,,,5.914862720300447,5.914862720300447,6.038141080199582,13.877551020408163
B,232,PRO,False,,,8.064586412209866,8.064586412209866,70.86905238932768,20.54421768707483
B,233,GLU,False,,,8.286036145226497,8.286036145226497,111.00402951229259,21.224489795918366
B,234,LEU,False,,,6.426719380834983,6.426719380834983,18.114423240598743,16.05442176870748
B,235,GLY,False,,,10.106861530663215,10.106861530663215,39.26705979253315,31.836734693877553
B,236,PRO,False,,,11.694752883237848,11.694752883237848,85.63889420301268,42.585034013605444
B,237,ALA,False,,,9.092195884383486,9.092195884383486,13.898929498256841,26.39455782312925
B,238,LEU,False,,,9.619991787938282,9.619991787938282,22.139850627398463,28.979591836734695
B,239,THR,False,,,13.321662396262713,13.321662396262713,101.22705807110476,52.51700680272109
B,240,TYR,False,,,13.732105555958999,13.732105555958999,44.279701254796926,54.5578231292517
B,241,VAL,False,,,11.0241183320935,11.0241183320935,4.025427386799721,35.64625850340136
B,242,ALA,False,,,11.506874901553418,11.506874901553418,33.08138952132099,40.816326530612244
B,243,GLY,False,,,15.114468399517067,15.114468399517067,25.484432054312204,62.04081632653061
B,244,PHE,False,,,15.806283592293287,15.806283592293287,0.0,66.12244897959184
B,245,THR,False,,,13.842624064822392,13.842624064822392,0.0,55.23809523809524
B,246,GLY,False,,,14.544812992953881,14.544812992953881,8.050854773599442,58.63945578231292
B,247,PHE,False,,,11.210027787655124,11.210027787655124,12.727303934027065,37.68707482993197
B,248,HIS,False,,,11.13730887602566,11.13730887602566,8.050854773599442,37.006802721088434
B,249,GLN,False,,,9.378652408528637,9.378652408528637,133.16520108183343,27.210884353741495
B,250,PHE,False,,,9.015002273987513,9.015002273987513,11.622384853808509,25.85034013605442
B,251,ALA,False,,,10.327556971520417,10.327556971520417,35.6217651168178,32.7891156462585
B,252,GLU,False,,,7.898230371418653,7.898230371418653,77.95246417722967,20.13605442176871
B,253,PHE,False,,,7.863976920108555,7.863976920108555,155.60721009065412,19.727891156462587
B,263,SER,False,,,6.683212850119322,6.683212850119322,116.00536124100344,17.551020408163264
B,264,GLY,False,,,9.946869809140964,9.946869809140964,13.898929498256841,30.74829931972789
B,265,LEU,False,,,6.389068398444333,6.389068398444333,36.19902229493941,15.782312925170068
B,266,ASN,False,,,3.7989137921253233,3.7989137921253233,66.01805634106663,7.074829931972789
B,267,SER,True,92L,3.6268076872092343,0.0,4.681040162186179,21.502945076760696,4.625850340136054
B,268,ALA,False,,,3.8098978988944046,3.8098978988944046,6.038141080199582,8.571428571428571
B,269,VAL,False,,,3.807024034597102,3.807024034597102,1.8226473378576786,8.16326530612245
B,270,LEU,False,,,5.697844241465364,5.697844241465364,4.025427386799721,12.92517006802721
B,271,ALA,False,,,8.374791519793193,8.374791519793193,0.0,21.768707482993197
B,272,SER,False,,,11.703832278360794,11.703832278360794,0.0,42.857142857142854
B,273,ASN,False,,,14.704591119782965,14.704591119782965,43.40453731731092,59.31972789115646
B,274,ASP,False,,,13.413368033420987,13.413368033420987,58.79982834042359,52.7891156462585
B,275,GLU,False,,,10.352509019556566,10.352509019556566,27.013424254863338,33.06122448979592
B,276,MET,False,,,8.413989957208175,8.413989957208175,32.50425800690553,21.904761904761905
B,277,VAL,False,,,6.668297383890434,6.668297383890434,0.0,17.27891156462585
B,278,LEU,False,,,4.772102366881918,4.772102366881918,2.0127136933998604,11.83673469387755
B,279,LEU,False,,,3.831866777433683,3.831866777433683,8.050854773599442,10.34013605442177
B,280,PRO,True,92L,3.6888183744933842,0.0,4.897530091791168,0.0,4.625850340136054
B,281,ILE,False,,,3.786953656964923,3.786953656964923,6.038141080199582,5.714285714285714
B,282,ASN,True,92L,3.407710815195444,0.0,4.681040162186179,0.0,4.625850340136054
B,283,GLU,False,,,3.7722986361103485,3.7722986361103485,35.942249455386005,5.034013605442177
B,284,PRO,False,,,6.731654402893838,6.731654402893838,12.727303934027065,17.82312925170068
B,285,VAL,False,,,9.578232613587957,9.578232613587957,53.435475108614924,28.435374149659864
B,286,HIS,False,,,12.916842686972695,12.916842686972695,149.90241293495146,50.204081632653065
B,287,GLY,False,,,16.151425138358533,16.151425138358533,104.17879380866262,67.48299319727892
B,291,LYS,False,,,14.829400190162783,14.829400190162783,209.58881966616912,60.136054421768705
B,292,SER,False,,,11.033493825620242,11.033493825620242,5.621126071362073,35.78231292517007
B,293,GLN,False,,,10.272323836406251,10.272323836406251,130.08445060596816,32.51700680272109
B,294,ILE,False,,,7.114623672408823,7.114623672408823,2.0127136933998604,18.367346938775512
B,295,GLN,False,,,9.93652952493978,9.93652952493978,54.19289215344441,30.612244897959183
B,296,THR,False,,,11.33315741530135,11.33315741530135,52.72480496247087,39.45578231292517
B,297,TYR,False,,,7.892464063902984,7.892464063902984,11.205369844971003,19.86394557823129
B,298,LEU,False,,,9.715604870516296,9.715604870516296,15.420863587312905,29.65986394557823
B,299,GLU,False,,,12.689622453012541,12.689622453012541,94.47824684476113,49.1156462585034
B,300,HIS,False,,,11.665731438705416,11.665731438705416,25.214946236487275,42.31292517006803
B,301,ASN,False,,,9.545039497037191,9.545039497037191,9.113236689288392,28.027210884353742
B,302,GLU,False,,,12.58058663179106,12.58058663179106,70.80940401681154,48.16326530612245
B,303,GLY,False,,,11.24704147765091,11.24704147765091,32.01335273885558,38.63945578231292
B,304,ALA,False,,,8.826811315531785,8.826811315531785,18.912974205239223,24.625850340136054
B,305,GLY,False,,,6.237032707946944,6.237032707946944,2.0127136933998604,15.10204081632653
B,306,LEU,False,,,3.804653729316242,3.804653729316242,3.571530080209068,7.755102040816326
B,307,GLN,True,92L,4.127714379653709,0.0,3.7869034843787626,10.935884027146072,4.625850340136054
B,308,HIS,True,CO,2.4553535386986525,0.0,3.7869034843787626,0.0,4.625850340136054
B,309,LEU,False,,,3.7772418508747885,3.7772418508747885,0.0,5.442176870748299
B,310,ALA,False,,,4.268803813716438,4.268803813716438,0.0,10.748299319727892
B,311,LEU,False,,,5.872457322109714,5.872457322109714,0.0,13.741496598639456
B,312,MET,False,,,8.468690630788208,8.468690630788208,36.36079337264826,22.17687074829932
B,313,SER,False,,,10.06767902746209,10.06767902746209,0.0,31.428571428571427
B,314,GLU,False,,,12.424231525531066,12.424231525531066,100.71351239199797,47.2108843537415
B,315,ASP,False,,,11.307125054583947,11.307125054583947,54.70769446961265,39.04761904761905
B,316,ILE,False,,,8.091367066200862,8.091367066200862,0.0,20.68027210884354
B,317,PHE,False,,,10.433712426552688,10.433712426552688,24.152564320798323,33.333333333333336
B,318,ARG,False,,,13.181900811339764,13.181900811339764,67.40391758032021,51.83673469387755
B,319,THR,False,,,11.374709534752965,11.374709534752965,0.0,39.59183673469388
B,320,LEU,False,,,10.164844415926886,10.164844415926886,0.0,32.244897959183675
B,321,ARG,False,,,13.642732387612094,13.642732387612094,118.21109438703988,54.01360544217687
B,322,GLU,False,,,14.578907229281626,14.578907229281626,37.50106584219521,58.91156462585034
B,323,MET,False,,,11.472354640613231,11.472354640613231,2.0127136933998604,40.54421768707483
B,324,ARG,False,,,11.54433406481292,11.54433406481292,87.69269992832153,41.63265306122449
B,325,LYS,False,,,15.268580877082194,15.268580877082194,118.6805530492413,62.585034013605444
B,326,ARG,False,,,15.02651210361207,15.02651210361207,37.02314582378012,61.63265306122449
B,327,SER,False,,,12.812085895747032,12.812085895747032,17.206628627417437,49.65986394557823
B,328,SER,False,,,16.147511108526913,16.147511108526913,68.37967531457417,67.34693877551021
B,329,ILE,False,,,18.290045461944597,18.290045461944597,42.266987561397066,75.91836734693878
B,330,GLY,False,,,15.689405406196885,15.689405406196885,5.621126071362073,65.578231292517
B,331,GLY,False,,,12.994525539626295,12.994525539626295,0.0,50.74829931972789
B,332,PHE,False,,,9.719571286841823,9.719571286841823,2.0127136933998604,29.931972789115648
B,333,ASP,False,,,8.659356442600107,8.659356442600107,38.445742753129664,23.80952380952381
B,334,PHE,False,,,5.791565332446833,5.791565332446833,17.93141499655163,13.46938775510204
B,335,MET,False,,,6.240498938386257,6.240498938386257,85.34149009847286,15.238095238095237
B,336,PRO,False,,,9.470557586541565,9.470557586541565,116.02672407104785,27.755102040816325
B,337,SER,False,,,8.971722744267124,8.971722744267124,59.070717402967134,25.578231292517007
B,338,PRO,False,,,8.133807533990462,8.133807533990462,22.33697509443571,20.816326530612244
B,339,PRO,False,,,11.13979353489103,11.13979353489103,23.96249796525614,37.142857142857146
B,340,PRO,False,,,11.757389208493528,11.757389208493528,60.38141080199581,43.53741496598639
B,341,THR,False,,,12.480633477512272,12.480633477512272,36.228846481197486,47.61904761904762
B,342,TYR,False,,,8.914309002945773,8.914309002945773,0.0,25.170068027210885
B,343,TYR,False,,,8.701881003553195,8.701881003553195,11.622384853808509,24.217687074829932
B,344,GLN,False,,,12.313384790543989,12.313384790543989,135.77934127283652,46.53061224489796
B,345,ASN,False,,,11.53024396966517,11.53024396966517,49.687994895853805,41.49659863945578
B,346,LEU,False,,,9.531066309705327,9.531066309705327,0.0,27.891156462585034
B,347,LYS,False,,,12.947931031635903,12.947931031635903,118.78979669778212,50.34013605442177
B,348,LYS,False,,,14.513019740908506,14.513019740908506,199.34509133246195,58.2312925170068
B,349,ARG,False,,,12.259909828379653,12.259909828379653,52.1418929175728,46.25850340136054
B,350,VAL,False,,,11.167811513452397,11.167811513452397,0.0,37.27891156462585
B,351,GLY,False,,,13.763382033497436,13.763382033497436,37.11387501961579,54.82993197278912
B,352,ASP,False,,,16.004854669755673,16.004854669755673,115.55711880118926,66.39455782312925
B,353,VAL,False,,,13.866130065739322,13.866130065739322,54.28362134928008,55.374149659863946
B,354,LEU,False,,,12.468941133873395,12.468941133873395,21.685953320807812,47.3469387755102
B,355,SER,False,,,14.846019028682404,14.846019028682404,51.005746406377554,60.27210884353742
B,356,ASP,False,,,14.96231242154768,14.96231242154768,95.810114578275,61.08843537414966
B,357,ASP,False,,,14.904565273767634,14.904565273767634,100.29649738316044,60.95238095238095
B,358,GLN,False,,,11.800100762281655,11.800100762281655,71.54845321659303,43.80952380952381
B,359,ILE,False,,,9.915178767929502,9.915178767929502,16.101709547198883,30.476190476190474
B,360,LYS,False,,,11.746662419598174,11.746662419598174,80.62059787397246,43.40136054421769
B,361,GLU,False,,,10.914950938964408,10.914950938964408,56.72040816301252,34.82993197278912
B,362,CYS,False,,,7.156460647554771,7.156460647554771,0.0,18.503401360544217
B,363,GLU,False,,,8.692046306825567,8.692046306825567,85.06570015138973,24.081632653061224
B,364,GLU,False,,,11.414858431009996,11.414858431009996,130.64744495344246,39.863945578231295
B,365,LEU,False,,,9.218350720166814,9.218350720166814,22.139850627398463,26.666666666666668
B,366,GLY,False,,,6.6572874355851575,6.6572874355851575,3.571530080209068,17.006802721088434
B,367,ILE,False,,,3.806113109196838,3.806113109196838,0.0,8.02721088435374
B,368,LEU,True,92L,3.052872254123971,0.0,4.942581107073507,14.088995853799021,4.625850340136054
B,369,VAL,False,,,3.809831098618415,3.809831098618415,0.0,8.435374149659864
B,370,ASP,False,,,5.745644089220985,5.745644089220985,19.643415441149873,13.197278911564625
B,371,ARG,False,,,7.74258910184442,7.74258910184442,90.53378877261994,19.31972789115646
B,372,ASP,False,,,9.04910050778529,9.04910050778529,23.21494552135894,26.122448979591837
B,373,ASP,False,,,12.376502777440804,12.376502777440804,69.67466075033491,46.93877551020408
B,374,GLN,False,,,12.126695386625327,12.126695386625327,55.64531326905204,45.4421768707483
B,375,GLY,False,,,10.983612201821401,10.983612201821401,8.050854773599442,35.374149659863946
B,376,THR,False,,,9.545946312440693,9.545946312440693,0.0,28.163265306122447
B,377,LEU,False,,,6.301206947879112,6.301206947879112,0.0,15.374149659863946
B,378,LEU,False,,,3.771504209198231,3.771504209198231,8.050854773599442,4.8979591836734695
B,379,GLN,True,92L,3.6136095527879024,0.0,4.942581107073507,0.0,4.625850340136054
B,380,ILE,False,,,3.800527068710341,3.800527068710341,4.025427386799721,7.210884353741497
B,381,PHE,True,92L,2.787911045926683,0.0,4.716131889589178,7.633839764761934,4.625850340136054
B,382,THR,False,,,3.7959158315220844,3.7959158315220844,2.0127136933998604,6.938775510204081
B,383,LYS,False,,,5.930665645608424,5.930665645608424,102.41434971070046,14.013605442176871
B,384,PRO,False,,,4.404906468927576,4.404906468927576,52.75462914872894,11.29251700680272
B,385,LEU,False,,,5.477531378276167,5.477531378276167,6.038141080199582,12.653061224489797
B,386,GLY,False,,,8.361549796538917,8.361549796538917,12.991134885075535,21.632653061224488
B,387,ASP,False,,,11.176033330301053,11.176033330301053,16.752731320826786,37.414965986394556
B,388,ARG,False,,,10.309375005304638,10.309375005304638,15.494628182819191,32.6530612244898
B,389,PRO,False,,,8.299958614354653,8.299958614354653,42.91800933502497,21.496598639455783
B,390,THR,False,,,6.511172398270529,6.511172398270529,5.357295120313602,16.462585034013607
B,391,ILE,False,,,3.8312120797470866,3.8312120797470866,8.050854773599442,10.204081632653061
B,392,PHE,True,92L,3.1618067619638004,0.0,5.015188231761595,16.101709547198883,4.625850340136054
B,393,ILE,False,,,3.801488918831674,3.801488918831674,0.0,7.482993197278912
B,394,GLU,True,CO,2.0500721938507436,0.0,4.716131889589178,0.0,4.625850340136054
B,395,ILE,False,,,3.804366701568078,3.804366701568078,0.0,7.619047619047619
B,396,ILE,False,,,4.340403322273174,4.340403322273174,0.0,11.020408163265307
B,397,GLN,False,,,6.730718386621149,6.730718386621149,41.77335957971403,17.687074829931973
B,398,ARG,False,,,8.626878114358634,8.626878114358634,9.382722507113323,22.993197278911566
B,399,VAL,False,,,11.238748729284765,11.238748729284765,51.87665872180571,38.2312925170068
B,400,GLY,False,,,14.120721546719913,14.120721546719913,27.6077926409715,56.054421768707485
B,401,CYS,False,,,14.366472775180414,14.366472775180414,21.64347898813128,57.142857142857146
B,402,MET,False,,,17.488170687639116,17.488170687639116,133.73984026607704,72.65306122448979
B,403,MET,False,,,20.060271633255617,20.060271633255617,203.06603555927575,82.04081632653062
B,412,GLN,False,,,14.853764034748906,14.853764034748906,87.89407601741661,60.40816326530612
B,413,SER,False,,,13.100093625619627,13.100093625619627,40.678346988329785,51.156462585034014
B,414,GLY,False,,,9.576657976559463,9.576657976559463,16.789613618579928,28.299319727891156
B,415,GLY,False,,,7.112227780379365,7.112227780379365,3.571530080209068,18.231292517006803
B,416,CYS,False,,,8.43434389860883,8.43434389860883,0.0,22.040816326530614
B,417,GLY,False,,,6.803164704753221,6.803164704753221,1.785765040104534,18.095238095238095
B,418,GLY,False,,,3.7885803409720653,3.7885803409720653,6.038141080199581,5.98639455782313
B,419,PHE,True,92L,3.3662456832501104,0.0,3.8057925587188794,5.848074724657399,4.625850340136054
B,420,GLY,True,92L,3.421648433138624,0.0,3.8057925587188794,0.0,4.625850340136054
B,421,LYS,True,92L,4.156869495185048,0.0,3.8082850471045315,46.146289001902815,4.625850340136054
B,422,GLY,False,,,3.7954517517681623,3.7954517517681623,38.39614747710499,6.802721088435374
B,423,ASN,True,92L,3.6801245902822366,0.0,3.819926308189728,0.0,4.625850340136054
B,424,PHE,True,92L,3.350979707488543,0.0,3.819926308189728,57.23395384211931,4.625850340136054
B,425,SER,False,,,3.7880995235077948,3.7880995235077948,75.51567736349723,5.850340136054422
B,426,GLU,False,,,4.759474130615695,4.759474130615695,25.45460786805413,11.700680272108844
B,427,LEU,False,,,5.457648028226079,5.457648028226079,46.292414948196786,12.517006802721088
B,428,PHE,False,,,6.136219846126766,6.136219846126766,132.64903740884859,14.965986394557824
B,429,LYS,False,,,8.541597567200176,8.541597567200176,108.76311052853596,22.58503401360544
B,430,SER,False,,,10.099209077942687,10.099209077942687,4.025427386799721,31.700680272108844
B,431,ILE,False,,,10.652248072590123,10.652248072590123,106.4170529106392,33.87755102040816
B,432,GLU,False,,,13.026074044008805,13.026074044008805,132.20626134025167,50.8843537414966
B,433,GLU,False,,,15.709947581071045,15.709947581071045,86.17061923160828,65.71428571428571
B,434,TYR,False,,,18.540582865703005,18.540582865703005,258.35620225081493,76.05442176870748
