tobacco_position,tobacco_residue,shannon_entropy,normalized_conservation,n_species_present,n_species_total
1,M,1.1567796494470395,0.7323463916913715,10,10
2,A,2.321928094887362,0.4627564263195184,10,10
3,P,2.2464393446710154,0.4802228784582401,10,10
4,S,2.4464393446710155,0.43394723582628825,10,10
5,A,1.295461844238322,0.7002583532634908,10,10
6,G,2.4464393446710155,0.43394723582628825,10,10
7,E,2.4464393446710155,0.43394723582628825,10,10
8,D,1.3709505944546687,0.6827919011247692,10,10
9,K,2.2464393446710154,0.4802228784582401,10,10
10,H,1.7709505944546686,0.5902406158608655,10,10
11,S,2.3709505944546687,0.45141368796501,10,10
12,S,1.7709505944546686,0.5902406158608655,10,10
13,A,1.9609640474436811,0.5462756426319519,10,10
14,K,1.1567796494470395,0.7323463916913715,10,10
15,R,1.5709505944546687,0.6365162584928172,10,10
16,V,0.9219280948873623,0.7866859247431812,10,10
17,A,0.4689955935892812,0.8914846375755116,10,10
18,V,-0.0,1.0,10,10
19,I,0.7219280948873623,0.832961567375133,10,10
20,G,-0.0,1.0,10,10
21,A,-0.0,1.0,10,10
22,G,-0.0,1.0,10,10
23,V,0.4689955935892812,0.8914846375755116,10,10
24,S,-0.0,1.0,10,10
25,G,-0.0,1.0,10,10
26,L,-0.0,1.0,10,10
27,A,0.4689955935892812,0.8914846375755116,10,10
28,A,0.4689955935892812,0.8914846375755116,10,10
29,A,-0.0,1.0,10,10
30,Y,0.4689955935892812,0.8914846375755116,10,10
31,K,1.1567796494470395,0.7323463916913715,10,10
32,L,0.4689955935892812,0.8914846375755116,10,10
33,K,1.1567796494470395,0.7323463916913715,10,10
34,I,1.7709505944546686,0.5902406158608655,10,10
35,H,1.7609640474436812,0.5925512852639037,10,10
36,G,0.4689955935892812,0.8914846375755116,10,10
37,L,1.295461844238322,0.7002583532634908,10,10
38,N,2.0464393446710156,0.5264985210901919,10,10
39,V,0.4689955935892812,0.8914846375755116,10,10
40,T,0.4689955935892812,0.8914846375755116,10,10
41,V,0.8812908992306927,0.796088486462045,10,10
42,F,0.4689955935892812,0.8914846375755116,10,10
43,E,-0.0,1.0,10,10
44,A,-0.0,1.0,10,10
45,E,1.8464393446710154,0.5727741637221437,10,10
46,G,1.8464393446710154,0.5727741637221437,10,10
47,K,0.4689955935892812,0.8914846375755116,10,10
48,A,0.4689955935892812,0.8914846375755116,10,10
49,G,-0.0,1.0,10,10
50,G,-0.0,1.0,10,10
51,K,0.9219280948873623,0.7866859247431812,10,10
52,L,0.8812908992306927,0.796088486462045,10,10
53,R,1.295461844238322,0.7002583532634908,10,10
54,S,0.9709505944546686,0.7753431863886728,10,10
55,V,0.7219280948873623,0.832961567375133,10,10
56,S,1.9609640474436811,0.5462756426319519,10,10
57,Q,2.1709505944546685,0.49768933059696185,10,10
58,D,1.5709505944546687,0.6365162584928172,10,10
59,G,0.4689955935892812,0.8914846375755116,10,10
60,L,1.360964047443681,0.6851025705278073,10,10
61,I,1.1567796494470395,0.7323463916913715,10,10
62,W,-0.0,1.0,10,10
63,D,0.4689955935892812,0.8914846375755116,10,10
64,E,-0.0,1.0,10,10
65,G,-0.0,1.0,10,10
66,A,0.4689955935892812,0.8914846375755116,10,10
67,N,-0.0,1.0,10,10
68,T,0.4689955935892812,0.8914846375755116,10,10
69,M,0.4689955935892812,0.8914846375755116,10,10
70,T,0.9219280948873623,0.7866859247431812,10,10
71,E,0.4689955935892812,0.8914846375755116,10,10
72,S,0.9219280948873623,0.7866859247431812,10,10
73,E,0.4689955935892812,0.8914846375755116,10,10
74,G,2.6464393446710157,0.3876715931943364,10,10
75,D,0.9219280948873623,0.7866859247431812,10,10
76,V,1.1567796494470395,0.7323463916913715,10,10
77,T,1.8464393446710154,0.5727741637221437,10,10
78,F,1.9609640474436811,0.5462756426319519,10,10
79,L,0.4689955935892812,0.8914846375755116,10,10
80,I,1.295461844238322,0.7002583532634908,10,10
81,D,-0.0,1.0,10,10
82,S,0.9864267287308425,0.7717623460932312,9,10
83,L,0.4689955935892812,0.8914846375755116,10,10
84,G,-0.0,1.0,10,10
85,L,-0.0,1.0,10,10
86,R,1.295461844238322,0.7002583532634908,10,10
87,E,1.1567796494470395,0.7323463916913715,10,10
88,K,0.4689955935892812,0.8914846375755116,10,10
89,Q,0.4689955935892812,0.8914846375755116,10,10
90,Q,0.4689955935892812,0.8914846375755116,10,10
91,F,1.4854752972273344,0.6562933800345772,10,10
92,P,0.4689955935892812,0.8914846375755116,10,10
93,L,1.5709505944546687,0.6365162584928172,10,10
94,S,1.1567796494470395,0.7323463916913715,10,10
95,Q,0.4689955935892812,0.8914846375755116,10,10
96,N,1.6854752972273344,0.6100177374026254,10,10
97,K,0.4689955935892812,0.8914846375755116,10,10
98,R,-0.0,1.0,10,10
99,Y,0.4689955935892812,0.8914846375755116,10,10
100,I,0.4689955935892812,0.8914846375755116,10,10
101,A,1.360964047443681,0.6851025705278073,10,10
102,R,1.295461844238322,0.7002583532634908,10,10
103,N,1.721928094887362,0.6015833542153739,10,10
104,G,0.4689955935892812,0.8914846375755116,10,10
105,T,2.6464393446710157,0.3876715931943364,10,10
106,P,0.4689955935892812,0.8914846375755116,10,10
107,V,1.7709505944546686,0.5902406158608655,10,10
108,L,0.9219280948873623,0.7866859247431812,10,10
109,L,1.5219280948873621,0.6478589968473258,10,10
110,P,-0.0,1.0,10,10
111,S,1.295461844238322,0.7002583532634908,10,10
112,N,1.1567796494470395,0.7323463916913715,10,10
113,P,0.4689955935892812,0.8914846375755116,10,10
114,I,1.6854752972273344,0.6100177374026254,10,10
115,D,1.5709505944546687,0.6365162584928172,10,10
116,L,-0.0,1.0,10,10
117,I,2.1219280948873624,0.5090320689514702,10,10
118,K,1.295461844238322,0.7002583532634908,10,10
119,S,0.4689955935892812,0.8914846375755116,10,10
120,N,1.9609640474436811,0.5462756426319519,10,10
121,F,1.9709505944546686,0.5439649732289137,10,10
122,L,0.4689955935892812,0.8914846375755116,10,10
123,S,-0.0,1.0,10,10
124,T,1.360964047443681,0.6851025705278073,10,10
125,G,1.721928094887362,0.6015833542153739,10,10
126,S,0.4689955935892812,0.8914846375755116,10,10
127,K,-0.0,1.0,10,10
128,L,1.1567796494470395,0.7323463916913715,10,10
129,Q,1.7709505944546686,0.5902406158608655,10,10
130,M,1.721928094887362,0.6015833542153739,10,10
131,L,2.2464393446710154,0.4802228784582401,10,10
132,L,0.8812908992306927,0.796088486462045,10,10
133,E,0.4689955935892812,0.8914846375755116,10,10
134,P,0.4689955935892812,0.8914846375755116,10,10
135,I,0.7219280948873623,0.832961567375133,10,10
136,L,0.9219280948873623,0.7866859247431812,10,10
137,W,1.1567796494470395,0.7323463916913715,10,10
138,K,1.295461844238322,0.7002583532634908,10,10
139,N,1.3567796494470397,0.6860707490594196,10,10
140,K,2.0,0.5372435736804817,8,10
141,K,2.4193819456463714,0.44020772846536105,9,10
142,L,1.7527152789797047,0.5944598705718671,9,10
143,S,1.4355205042826666,0.6678518307648802,9,10
144,Q,1.657742726504889,0.6164344500627115,9,10
145,V,1.224394445405986,0.7167018010192286,9,10
146,S,0.4689955935892812,0.8914846375755116,10,10
147,D,0.9219280948873623,0.7866859247431812,10,10
148,S,1.5709505944546687,0.6365162584928172,10,10
149,H,1.7709505944546686,0.5902406158608655,10,10
150,E,-0.0,1.0,10,10
151,S,-0.0,1.0,10,10
152,V,-0.0,1.0,10,10
153,S,1.5709505944546687,0.6365162584928172,10,10
154,G,1.9609640474436811,0.5462756426319519,10,10
155,F,-0.0,1.0,10,10
156,F,0.9219280948873623,0.7866859247431812,10,10
157,Q,1.295461844238322,0.7002583532634908,10,10
158,R,-0.0,1.0,10,10
159,H,0.4689955935892812,0.8914846375755116,10,10
160,F,0.4689955935892812,0.8914846375755116,10,10
161,G,-0.0,1.0,10,10
162,K,1.3567796494470397,0.6860707490594196,10,10
163,E,-0.0,1.0,10,10
164,V,0.8812908992306927,0.796088486462045,10,10
165,V,0.4689955935892812,0.8914846375755116,10,10
166,D,0.4689955935892812,0.8914846375755116,10,10
167,Y,0.4689955935892812,0.8914846375755116,10,10
168,L,1.1567796494470395,0.7323463916913715,10,10
169,I,0.4689955935892812,0.8914846375755116,10,10
170,D,0.4689955935892812,0.8914846375755116,10,10
171,P,-0.0,1.0,10,10
172,F,-0.0,1.0,10,10
173,V,0.4689955935892812,0.8914846375755116,10,10
174,A,1.1567796494470395,0.7323463916913715,10,10
175,G,-0.0,1.0,10,10
176,T,0.4689955935892812,0.8914846375755116,10,10
177,C,1.295461844238322,0.7002583532634908,10,10
178,G,1.0,0.7686217868402409,10,10
179,G,0.7219280948873623,0.832961567375133,10,10
180,D,-0.0,1.0,10,10
181,P,-0.0,1.0,10,10
182,D,1.8464393446710154,0.5727741637221437,10,10
183,S,0.4689955935892812,0.8914846375755116,10,10
184,L,-0.0,1.0,10,10
185,S,-0.0,1.0,10,10
186,M,1.1567796494470395,0.7323463916913715,10,10
187,H,1.4854752972273344,0.6562933800345772,10,10
188,H,0.4689955935892812,0.8914846375755116,10,10
189,S,1.8464393446710154,0.5727741637221437,10,10
190,F,-0.0,1.0,10,10
191,P,0.4689955935892812,0.8914846375755116,10,10
192,E,1.8464393446710154,0.5727741637221437,10,10
193,L,0.9709505944546686,0.7753431863886728,10,10
194,W,-0.0,1.0,10,10
195,N,0.4689955935892812,0.8914846375755116,10,10
196,L,1.3709505944546687,0.6827919011247692,10,10
197,E,-0.0,1.0,10,10
198,K,1.5709505944546687,0.6365162584928172,10,10
199,R,1.6854752972273344,0.6100177374026254,10,10
200,F,1.1567796494470395,0.7323463916913715,10,10
201,G,-0.0,1.0,10,10
202,S,-0.0,1.0,10,10
203,V,1.360964047443681,0.6851025705278073,10,10
204,I,0.7219280948873623,0.832961567375133,10,10
205,L,1.9609640474436811,0.5462756426319519,10,10
206,G,-0.0,1.0,10,10
207,A,1.295461844238322,0.7002583532634908,10,10
208,I,1.3567796494470397,0.6860707490594196,10,10
209,R,1.9219280948873623,0.5553077115834221,10,10
210,S,1.1567796494470395,0.7323463916913715,10,10
211,K,0.7219280948873623,0.832961567375133,10,10
212,L,0.9219280948873623,0.7866859247431812,10,10
213,S,2.1219280948873624,0.5090320689514702,10,10
214,P,1.8464393446710154,0.5727741637221437,10,10
215,K,0.4689955935892812,0.8914846375755116,10,10
216,N,1.8464393446710154,0.5727741637221437,10,10
217,E,1.5709505944546687,0.6365162584928172,10,10
218,K,0.9219280948873623,0.7866859247431812,10,10
219,K,2.725480556997868,0.36938317872016824,9,10
220,Q,2.1556390622295662,0.501232085563944,8,10
221,G,2.1219280948873624,0.5090320689514702,10,10
222,P,2.5219280948873624,0.4164807836875666,10,10
223,P,2.4464393446710155,0.43394723582628825,10,10
224,K,3.1219280948873624,0.277653855791711,10,10
225,T,1.6854752972273344,0.6100177374026254,10,10
226,S,1.295461844238322,0.7002583532634908,10,10
227,A,2.6464393446710157,0.3876715931943364,10,10
228,N,1.7709505944546686,0.5902406158608655,10,10
229,K,1.3567796494470397,0.6860707490594196,10,10
230,K,2.1219280948873624,0.5090320689514702,10,10
231,R,1.9609640474436811,0.5462756426319519,10,10
232,Q,2.721928094887362,0.37020514105561475,10,10
233,R,0.9219280948873623,0.7866859247431812,10,10
234,G,0.7219280948873623,0.832961567375133,10,10
235,S,-0.0,1.0,9,10
236,F,-0.0,1.0,9,10
237,S,-0.0,1.0,10,10
238,F,-0.0,1.0,10,10
239,L,2.1709505944546685,0.49768933059696185,10,10
240,G,0.4689955935892812,0.8914846375755116,10,10
241,G,-0.0,1.0,10,10
242,M,0.4689955935892812,0.8914846375755116,10,10
243,Q,0.4689955935892812,0.8914846375755116,10,10
244,T,1.5709505944546687,0.6365162584928172,10,10
245,L,-0.0,1.0,10,10
246,T,1.9709505944546686,0.5439649732289137,10,10
247,D,0.4689955935892812,0.8914846375755116,10,10
248,A,0.9709505944546686,0.7753431863886728,10,10
249,I,1.4854752972273344,0.6562933800345772,10,10
250,C,0.7219280948873623,0.832961567375133,10,10
251,K,1.6854752972273344,0.6100177374026254,10,10
252,D,2.0464393446710156,0.5264985210901919,10,10
253,L,1.1567796494470395,0.7323463916913715,10,10
254,R,0.9219280948873623,0.7866859247431812,10,10
255,E,2.1709505944546685,0.49768933059696185,10,10
256,D,0.5032583347756457,0.8835569857418553,9,10
257,E,1.9609640474436811,0.5462756426319519,10,10
258,L,1.360964047443681,0.6851025705278073,10,10
259,R,0.9219280948873623,0.7866859247431812,10,10
260,L,-0.0,1.0,10,10
261,N,2.4464393446710155,0.43394723582628825,10,10
262,S,2.1709505944546685,0.49768933059696185,10,10
263,R,1.360964047443681,0.6851025705278073,10,10
264,V,0.4689955935892812,0.8914846375755116,10,10
265,L,0.4689955935892812,0.8914846375755116,10,10
266,E,0.9219280948873623,0.7866859247431812,10,10
267,L,0.4689955935892812,0.8914846375755116,10,10
268,S,1.295461844238322,0.7002583532634908,10,10
269,C,1.295461844238322,0.7002583532634908,10,10
270,S,2.0464393446710156,0.5264985210901919,10,10
271,C,2.5032583347756456,0.42080055942233696,9,10
272,T,1.3921472236645345,0.6778874629331804,9,10
273,E,0.9219280948873623,0.7866859247431812,10,10
274,D,2.4193819456463714,0.44020772846536105,9,10
275,S,0.9910760598382222,0.7706865921692176,9,10
276,A,1.657742726504889,0.6164344500627115,9,10
277,I,2.113283334294875,0.5110322782105539,9,10
278,D,1.7527152789797047,0.5944598705718671,9,10
279,S,1.5709505944546687,0.6365162584928172,10,10
280,W,0.4689955935892812,0.8914846375755116,10,10
281,S,0.9219280948873623,0.7866859247431812,10,10
282,I,1.5219280948873621,0.6478589968473258,10,10
283,I,1.1567796494470395,0.7323463916913715,10,10
284,S,1.7609640474436812,0.5925512852639037,10,10
285,A,2.2464393446710154,0.4802228784582401,10,10
286,S,0.4689955935892812,0.8914846375755116,10,10
287,P,1.8464393446710154,0.5727741637221437,10,10
288,H,2.321928094887362,0.4627564263195184,10,10
289,K,2.4464393446710155,0.43394723582628825,10,10
290,R,2.721928094887362,0.37020514105561475,10,10
291,Q,2.3709505944546687,0.45141368796501,10,10
292,S,2.1219280948873624,0.5090320689514702,10,10
293,E,1.9219280948873623,0.5553077115834221,5,10
294,E,1.3709505944546687,0.6827919011247692,5,10
295,E,1.5487949406953985,0.6416425940710235,8,10
296,S,1.879964948727111,0.5650170693605427,9,10
297,F,1.6854752972273344,0.6100177374026254,10,10
298,D,0.4689955935892812,0.8914846375755116,10,10
299,A,0.4689955935892812,0.8914846375755116,10,10
300,V,0.4689955935892812,0.8914846375755116,10,10
301,I,0.8812908992306927,0.796088486462045,10,10
302,M,0.8812908992306927,0.796088486462045,10,10
303,T,-0.0,1.0,10,10
304,A,0.4689955935892812,0.8914846375755116,10,10
305,P,-0.0,1.0,10,10
306,L,0.9182958340544896,0.7875263507644215,9,10
307,C,1.8910611120726526,0.5624496589127226,9,10
308,D,0.9219280948873623,0.7866859247431812,10,10
309,V,0.9219280948873623,0.7866859247431812,10,10
310,K,1.3567796494470397,0.6860707490594196,10,10
311,S,1.9609640474436811,0.5462756426319519,10,10
312,M,1.5709505944546687,0.6365162584928172,10,10
313,K,0.7219280948873623,0.832961567375133,10,10
314,I,1.1567796494470395,0.7323463916913715,10,10
315,A,2.1709505944546685,0.49768933059696185,10,10
316,K,0.4689955935892812,0.8914846375755116,10,10
317,R,2.1219280948873624,0.5090320689514702,10,10
318,G,0.9219280948873623,0.7866859247431812,10,10
319,N,2.321928094887362,0.4627564263195184,10,10
320,P,0.9219280948873623,0.7866859247431812,10,10
321,F,0.9219280948873623,0.7866859247431812,10,10
322,L,2.321928094887362,0.4627564263195184,10,10
323,L,0.4689955935892812,0.8914846375755116,10,10
324,N,0.8812908992306927,0.796088486462045,10,10
325,F,0.4689955935892812,0.8914846375755116,10,10
326,I,0.9709505944546686,0.7753431863886728,10,10
327,P,0.4689955935892812,0.8914846375755116,10,10
328,E,1.5709505944546687,0.6365162584928172,10,10
329,V,1.5709505944546687,0.6365162584928172,10,10
330,D,2.1709505944546685,0.49768933059696185,10,10
331,Y,-0.0,1.0,10,10
332,V,1.8464393446710154,0.5727741637221437,10,10
333,P,-0.0,1.0,10,10
334,L,0.9219280948873623,0.7866859247431812,10,10
335,S,0.4689955935892812,0.8914846375755116,10,10
336,V,1.1567796494470395,0.7323463916913715,10,10
337,V,1.5709505944546687,0.6365162584928172,10,10
338,I,1.1567796494470395,0.7323463916913715,10,10
339,T,0.4689955935892812,0.8914846375755116,10,10
340,T,1.360964047443681,0.6851025705278073,10,10
341,F,0.4689955935892812,0.8914846375755116,10,10
342,K,0.9219280948873623,0.7866859247431812,10,10
343,R,0.9219280948873623,0.7866859247431812,10,10
344,E,1.295461844238322,0.7002583532634908,10,10
345,N,2.1709505944546685,0.49768933059696185,10,10
346,V,0.4689955935892812,0.8914846375755116,10,10
347,K,0.9219280948873623,0.7866859247431812,10,10
348,Y,1.5709505944546687,0.6365162584928172,10,10
349,P,0.4689955935892812,0.8914846375755116,10,10
350,L,-0.0,1.0,10,10
351,E,0.4689955935892812,0.8914846375755116,10,10
352,G,-0.0,1.0,10,10
353,F,-0.0,1.0,10,10
354,G,-0.0,1.0,10,10
355,V,0.9219280948873623,0.7866859247431812,10,10
356,L,-0.0,1.0,10,10
357,V,1.295461844238322,0.7002583532634908,10,10
358,P,-0.0,1.0,10,10
359,S,1.1567796494470395,0.7323463916913715,10,10
360,K,0.9219280948873623,0.7866859247431812,10,10
361,E,-0.0,1.0,9,10
362,Q,-0.0,1.0,9,10
363,Q,1.5304930567574826,0.6458772512740358,9,10
364,H,1.360964047443681,0.6851025705278073,10,10
365,G,-0.0,1.0,10,10
366,L,0.9219280948873623,0.7866859247431812,10,10
367,K,0.4689955935892812,0.8914846375755116,10,10
368,T,-0.0,1.0,10,10
369,L,-0.0,1.0,10,10
370,G,-0.0,1.0,10,10
371,T,-0.0,1.0,10,10
372,L,0.4689955935892812,0.8914846375755116,10,10
373,F,0.4689955935892812,0.8914846375755116,10,10
374,S,-0.0,1.0,10,10
375,S,-0.0,1.0,10,10
376,M,0.4689955935892812,0.8914846375755116,10,10
377,M,0.4689955935892812,0.8914846375755116,10,10
378,F,-0.0,1.0,10,10
379,P,-0.0,1.0,10,10
380,D,0.4689955935892812,0.8914846375755116,10,10
381,R,-0.0,1.0,10,10
382,A,0.4689955935892812,0.8914846375755116,10,10
383,P,0.4689955935892812,0.8914846375755116,10,10
384,N,1.6854752972273344,0.6100177374026254,10,10
385,N,0.9219280948873623,0.7866859247431812,10,10
386,V,2.4464393446710155,0.43394723582628825,10,10
387,Y,1.5709505944546687,0.6365162584928172,10,10
388,L,-0.0,1.0,10,10
389,Y,1.1567796494470395,0.7323463916913715,10,10
390,T,0.4689955935892812,0.8914846375755116,10,10
391,T,0.9219280948873623,0.7866859247431812,10,10
392,F,0.4689955935892812,0.8914846375755116,10,10
393,V,0.9709505944546686,0.7753431863886728,10,10
394,G,-0.0,1.0,10,10
395,G,-0.0,1.0,10,10
396,S,0.9219280948873623,0.7866859247431812,10,10
397,R,1.5709505944546687,0.6365162584928172,10,10
398,N,-0.0,1.0,10,10
399,R,1.3567796494470397,0.6860707490594196,10,10
400,E,1.3709505944546687,0.6827919011247692,10,10
401,L,0.4689955935892812,0.8914846375755116,10,10
402,A,0.4689955935892812,0.8914846375755116,10,10
403,K,2.1219280948873624,0.5090320689514702,10,10
404,A,0.4689955935892812,0.8914846375755116,10,10
405,S,1.1567796494470395,0.7323463916913715,10,10
406,R,0.9219280948873623,0.7866859247431812,10,10
407,T,1.5709505944546687,0.6365162584928172,10,10
408,E,1.5709505944546687,0.6365162584928172,10,10
409,L,-0.0,1.0,10,10
410,K,1.3567796494470397,0.6860707490594196,10,10
411,E,1.5709505944546687,0.6365162584928172,10,10
412,I,1.5709505944546687,0.6365162584928172,10,10
413,V,-0.0,1.0,10,10
414,T,1.295461844238322,0.7002583532634908,10,10
415,S,0.4689955935892812,0.8914846375755116,10,10
416,D,-0.0,1.0,10,10
417,L,-0.0,1.0,10,10
418,K,1.5219280948873621,0.6478589968473258,10,10
419,Q,1.360964047443681,0.6851025705278073,10,10
420,L,0.4689955935892812,0.8914846375755116,10,10
421,L,-0.0,1.0,10,10
422,G,0.4689955935892812,0.8914846375755116,10,10
423,A,1.8464393446710154,0.5727741637221437,10,10
424,E,0.4689955935892812,0.8914846375755116,10,10
425,G,1.1567796494470395,0.7323463916913715,10,10
426,E,1.5709505944546687,0.6365162584928172,10,10
427,P,-0.0,1.0,10,10
428,T,1.9609640474436811,0.5462756426319519,10,10
429,Y,1.3567796494470397,0.6860707490594196,10,10
430,V,0.4689955935892812,0.8914846375755116,10,10
431,N,1.1567796494470395,0.7323463916913715,10,10
432,H,0.4689955935892812,0.8914846375755116,10,10
433,L,2.2464393446710154,0.4802228784582401,10,10
434,Y,1.5709505944546687,0.6365162584928172,10,10
435,W,-0.0,1.0,10,10
436,S,1.9609640474436811,0.5462756426319519,10,10
437,K,1.360964047443681,0.6851025705278073,10,10
438,A,0.4689955935892812,0.8914846375755116,10,10
439,F,0.4689955935892812,0.8914846375755116,10,10
440,P,-0.0,1.0,10,10
441,L,-0.0,1.0,10,10
442,Y,0.4689955935892812,0.8914846375755116,10,10
443,G,0.4689955935892812,0.8914846375755116,10,10
444,H,1.7709505944546686,0.5902406158608655,10,10
445,N,0.9864267287308425,0.7717623460932312,9,10
446,Y,0.4689955935892812,0.8914846375755116,10,10
447,D,0.9219280948873623,0.7866859247431812,10,10
448,S,1.1567796494470395,0.7323463916913715,10,10
449,V,0.4689955935892812,0.8914846375755116,10,10
450,L,0.9219280948873623,0.7866859247431812,10,10
451,D,2.0464393446710156,0.5264985210901919,10,10
452,A,0.4689955935892812,0.8914846375755116,10,10
453,I,0.4689955935892812,0.8914846375755116,10,10
454,D,1.4854752972273344,0.6562933800345772,10,10
455,K,0.9219280948873623,0.7866859247431812,10,10
456,M,0.9219280948873623,0.7866859247431812,10,10
457,E,0.4689955935892812,0.8914846375755116,10,10
458,K,1.295461844238322,0.7002583532634908,10,10
459,N,1.360964047443681,0.6851025705278073,10,10
460,L,-0.0,1.0,10,10
461,P,0.4689955935892812,0.8914846375755116,10,10
462,G,-0.0,1.0,10,10
463,L,0.8812908992306927,0.796088486462045,10,10
464,F,-0.0,1.0,10,10
465,Y,0.9219280948873623,0.7866859247431812,10,10
466,A,0.4689955935892812,0.8914846375755116,10,10
467,G,-0.0,1.0,10,10
468,N,-0.0,1.0,10,10
469,H,1.3709505944546687,0.6827919011247692,10,10
470,R,1.295461844238322,0.7002583532634908,10,10
471,G,1.295461844238322,0.7002583532634908,10,10
472,G,-0.0,1.0,10,10
473,L,0.4689955935892812,0.8914846375755116,10,10
474,S,0.8812908992306927,0.796088486462045,10,10
475,V,0.4689955935892812,0.8914846375755116,10,10
476,G,-0.0,1.0,10,10
477,K,1.5709505944546687,0.6365162584928172,10,10
478,A,1.9609640474436811,0.5462756426319519,10,10
479,L,1.5709505944546687,0.6365162584928172,10,10
480,S,1.1567796494470395,0.7323463916913715,10,10
481,S,0.4689955935892812,0.8914846375755116,10,10
482,G,0.4689955935892812,0.8914846375755116,10,10
483,C,1.3709505944546687,0.6827919011247692,10,10
484,N,0.9219280948873623,0.7866859247431812,10,10
485,A,0.4689955935892812,0.8914846375755116,10,10
486,A,-0.0,1.0,10,10
487,D,1.295461844238322,0.7002583532634908,10,10
488,L,0.4689955935892812,0.8914846375755116,10,10
489,V,0.4689955935892812,0.8914846375755116,10,10
490,I,0.4689955935892812,0.8914846375755116,10,10
491,S,0.4689955935892812,0.8914846375755116,10,10
492,Y,0.9219280948873623,0.7866859247431812,10,10
493,L,-0.0,1.0,10,10
494,E,1.8464393446710154,0.5727741637221437,10,10
495,S,0.4689955935892812,0.8914846375755116,10,10
496,V,2.6464393446710157,0.3876715931943364,10,10
497,S,2.197159723424149,0.4916251091675298,9,10
498,T,2.113283334294875,0.5110322782105539,9,10
499,D,2.4193819456463714,0.44020772846536105,9,10
500,S,2.0,0.5372435736804817,8,10
501,K,1.9056390622295665,0.5590766388538838,8,10
502,R,2.2359263506290326,0.4826553562346333,7,10
503,H,2.2359263506290326,0.4826553562346333,7,10
504,C,1.2516291673878228,0.7104002797111685,6,10
