tobacco_position,residue_name,in_active_site_core,distance_to_active_site_core_A,distance_to_nearest_other_core_residue_A,sasa_A2,percentile_rank_distance_to_core
13,ALA,FALSE,46.17841753460159,46.17841753460159,74.26440740749297,97.63440860215054
14,LYS,FALSE,43.42665460290488,43.42665460290488,72.84370865603695,96.12903225806451
15,ARG,FALSE,40.23692662219619,40.23692662219619,82.62223364964572,93.11827956989248
16,VAL,FALSE,36.87372682547833,36.87372682547833,0.039096107412831316,88.81720430107526
17,ALA,FALSE,34.31448507554791,34.31448507554791,-5.684341886080802e-14,83.44086021505376
18,VAL,FALSE,30.650363293116122,30.650363293116122,-1.1368683772161603e-13,76.55913978494624
19,ILE,FALSE,28.2744914189451,28.2744914189451,-1.4210854715202004e-13,71.61290322580645
20,GLY,FALSE,24.800659184787815,24.800659184787815,-2.842170943040401e-14,61.075268817204304
21,ALA,FALSE,24.029376458826395,24.029376458826395,-5.684341886080802e-14,59.13978494623656
22,GLY,FALSE,20.959368263380462,20.959368263380462,-2.842170943040401e-14,49.03225806451613
23,VAL,FALSE,21.32073511865855,21.32073511865855,-1.1368683772161603e-13,50.32258064516129
24,SER,FALSE,23.332832682724145,23.332832682724145,-5.684341886080802e-14,55.69892473118279
25,GLY,FALSE,25.696973245890266,25.696973245890266,-2.842170943040401e-14,63.225806451612904
26,LEU,FALSE,26.26209947814531,26.26209947814531,-1.4210854715202004e-13,64.94623655913979
27,ALA,FALSE,26.985107948644565,26.985107948644565,-5.684341886080802e-14,66.66666666666667
28,ALA,FALSE,29.470474393874287,29.470474393874287,0.002712925111069353,73.54838709677419
29,ALA,FALSE,30.986955981509382,30.986955981509382,-5.684341886080802e-14,78.27956989247312
30,TYR,FALSE,31.387607809452444,31.387607809452444,16.65036745051887,79.35483870967742
31,LYS,FALSE,32.737383676769284,32.737383676769284,28.05597084694699,80.86021505376344
32,LEU,FALSE,35.20124844376972,35.20124844376972,-1.4210854715202004e-13,84.94623655913979
33,LYS,FALSE,36.476694545970034,36.476694545970034,51.47598386833951,88.17204301075269
34,ILE,FALSE,36.75758699914889,36.75758699914889,96.96848568650667,88.60215053763442
35,HIS,FALSE,39.367869652801886,39.367869652801886,88.00340424358753,91.18279569892474
36,GLY,FALSE,41.51257422757591,41.51257422757591,61.17706765671039,94.6236559139785
37,LEU,FALSE,40.1343002555171,40.1343002555171,27.380102779978785,92.90322580645162
38,ASN,FALSE,39.448086062570894,39.448086062570894,27.95555207092376,91.39784946236558
39,VAL,FALSE,35.95758997763893,35.95758997763893,0.8755149522334023,86.23655913978494
40,THR,FALSE,34.31218729547855,34.31218729547855,8.120077584766676,83.2258064516129
41,VAL,FALSE,30.58935327855102,30.58935327855102,-1.1368683772161603e-13,76.34408602150538
42,PHE,FALSE,29.421895146302187,29.421895146302187,1.732685987865878,73.11827956989248
43,GLU,FALSE,26.055512008018574,26.055512008018574,0.00045650785912698666,64.73118279569893
44,ALA,FALSE,24.991581702645394,24.991581702645394,12.669671781509408,61.72043010752688
45,GLU,FALSE,22.654323406361094,22.654323406361094,75.87108764721663,52.903225806451616
46,GLY,FALSE,24.02672872032312,24.02672872032312,39.35316236330277,58.924731182795696
47,LYS,FALSE,22.477580074376338,22.477580074376338,122.91238205841653,52.68817204301075
48,ALA,FALSE,22.97234794268971,22.97234794268971,14.940678939465116,54.623655913978496
49,GLY,FALSE,19.68194599118695,19.68194599118695,7.106772934226981,45.806451612903224
50,GLY,FALSE,18.17432020736952,18.17432020736952,6.910658661033949,42.795698924731184
51,LYS,FALSE,14.524024958667622,14.524024958667622,24.847318285251887,30.967741935483872
52,LEU,FALSE,15.353227022355918,15.353227022355918,0.04410091893542756,34.40860215053763
53,ARG,FALSE,14.862613431022147,14.862613431022147,61.36016642904376,32.473118279569896
54,SER,FALSE,15.076891556285732,15.076891556285732,19.665010617830006,33.763440860215056
55,VAL,FALSE,16.06570910355344,16.06570910355344,37.08361556198089,35.69892473118279
56,SER,FALSE,17.554847022973455,17.554847022973455,86.41126332534674,40.0
57,GLN,FALSE,18.430996853127613,18.430996853127613,83.5561673733904,43.01075268817204
58,ASP,FALSE,19.361984015074487,19.361984015074487,97.55216675417091,44.946236559139784
59,GLY,FALSE,18.040698960960466,18.040698960960466,50.21324232800984,42.58064516129032
60,LEU,FALSE,14.687523855299776,14.687523855299776,8.161067534876068,31.827956989247312
61,ILE,FALSE,13.519722556324888,13.519722556324888,28.660538150888428,27.311827956989248
62,TRP,FALSE,10.984125044808986,10.984125044808986,4.48563874659169,18.06451612903226
63,ASP,FALSE,10.951808298176152,10.951808298176152,0.48447337280910574,17.849462365591396
64,GLU,FALSE,9.730062846662397,9.730062846662397,13.946840603532777,12.473118279569892
65,GLY,FALSE,10.095608451202931,10.095608451202931,-2.842170943040401e-14,14.408602150537634
66,ALA,FALSE,11.406073601375716,11.406073601375716,-5.684341886080802e-14,19.13978494623656
67,ASN,FALSE,9.005581213891752,9.005581213891752,10.446689259777628,10.96774193548387
68,THR,FALSE,10.514535225106245,10.514535225106245,34.27544630906357,15.913978494623656
69,MSE,FALSE,13.88999150467703,13.88999150467703,3.8415173121032637,28.387096774193548
70,THR,FALSE,16.52654452691185,16.52654452691185,48.061263156251215,37.41935483870968
71,GLU,FALSE,20.101569565583674,20.101569565583674,40.102416648707134,46.88172043010753
72,SER,FALSE,20.269547429580168,20.269547429580168,84.53519507618665,47.31182795698925
73,GLU,FALSE,23.503683668735842,23.503683668735842,19.538030400714362,56.55913978494624
74,GLY,FALSE,26.671333862407405,26.671333862407405,27.92171186705562,65.80645161290323
75,ASP,FALSE,26.813452966747867,26.813452966747867,38.726734648371576,66.02150537634408
76,VAL,FALSE,23.44296049990274,23.44296049990274,0.4722665864404263,56.12903225806452
77,THR,FALSE,25.034554140227865,25.034554140227865,7.470384060142763,61.935483870967744
78,PHE,FALSE,28.095831043056904,28.095831043056904,72.34609088265456,70.75268817204301
79,LEU,FALSE,26.43510056723825,26.43510056723825,0.0964790395813111,65.3763440860215
80,ILE,FALSE,24.32896458955868,24.32896458955868,0.3148771800447321,60.215053763440864
81,ASP,FALSE,27.773988838479788,27.773988838479788,62.71225964232849,69.46236559139786
82,SER,FALSE,29.892945539039804,29.892945539039804,49.721253824933896,74.19354838709677
83,LEU,FALSE,27.904985737319418,27.904985737319418,15.221440239702005,69.89247311827957
84,GLY,FALSE,27.618550921436846,27.618550921436846,50.65383284456935,68.60215053763442
85,LEU,FALSE,23.880502632901173,23.880502632901173,3.8968714422842368,58.70967741935484
86,ARG,FALSE,23.68525036810884,23.68525036810884,75.85890652548775,56.98924731182796
87,GLU,FALSE,23.694874846683618,23.694874846683618,175.12269438671012,57.204301075268816
88,LYS,FALSE,20.85895541488116,20.85895541488116,108.03872488164681,48.38709677419355
89,GLN,FALSE,18.71598712331252,18.71598712331252,25.212485220343225,43.44086021505376
90,GLN,FALSE,15.790082900352362,15.790082900352362,33.98911155686096,35.26881720430107
91,PHE,FALSE,14.22435647050509,14.22435647050509,77.34337919506376,29.677419354838708
92,PRO,FALSE,11.48373432294565,11.48373432294565,30.58800252585955,19.56989247311828
93,LEU,FALSE,13.438886635432267,13.438886635432267,82.27924717266782,26.666666666666668
94,SER,FALSE,10.899158407877184,10.899158407877184,13.571186891360796,17.419354838709676
95,GLN,FALSE,9.190720700793817,9.190720700793817,112.11287552684952,11.182795698924732
96,ASN,FALSE,6.6038296465005795,6.6038296465005795,94.20472419000683,6.666666666666667
97,LYS,FALSE,3.7665905007048495,3.7665905007048495,49.78646390443707,1.075268817204301
98,ARG,TRUE,0.0,7.637760470190198,58.95983735630159,0.8602150537634409
99,TYR,FALSE,3.803196813208595,3.803196813208595,12.079511630571048,1.935483870967742
100,ILE,FALSE,5.049389468044625,5.049389468044625,-1.4210854715202004e-13,3.6559139784946235
101,ALA,FALSE,6.4716300110559475,6.4716300110559475,-5.684341886080802e-14,6.236559139784946
102,ARG,FALSE,9.882207142131758,9.882207142131758,61.733830686715166,12.903225806451612
103,ASN,FALSE,12.663166507631493,12.663166507631493,79.413871230333,23.440860215053764
104,GLY,FALSE,11.249287888573214,11.249287888573214,-2.842170943040401e-14,18.70967741935484
105,THR,FALSE,10.580090027972352,10.580090027972352,57.61471809417665,16.344086021505376
106,PRO,FALSE,8.666160453164936,8.666160453164936,33.75208285009367,9.67741935483871
107,VAL,FALSE,8.878061331169102,8.878061331169102,54.66867363624448,10.32258064516129
108,LEU,FALSE,6.487141281026648,6.487141281026648,75.78558246752849,6.451612903225806
109,LEU,FALSE,5.786461008250208,5.786461008250208,17.106776379253347,4.946236559139785
110,PRO,FALSE,8.473802511269664,8.473802511269664,7.156461515252772,8.387096774193548
111,SER,FALSE,8.531106844952772,8.531106844952772,94.13700515867926,8.602150537634408
112,ASN,FALSE,12.059386427177795,12.059386427177795,27.72668649341125,21.93548387096774
113,PRO,FALSE,14.801601332288344,14.801601332288344,48.188370170998255,32.25806451612903
114,ILE,FALSE,16.60112149826029,16.60112149826029,12.583964367354284,37.8494623655914
115,ASP,FALSE,14.156337838579585,14.156337838579585,50.280196259663626,29.462365591397848
116,LEU,FALSE,14.276300256018716,14.276300256018716,3.488034353034436,30.107526881720432
117,ILE,FALSE,17.99147403633177,17.99147403633177,7.666469474385366,42.1505376344086
118,LYS,FALSE,17.842101922139108,17.842101922139108,51.34419757918404,41.935483870967744
119,SER,FALSE,15.498866377900029,15.498866377900029,25.236287447514542,34.83870967741935
120,ASN,FALSE,16.359883159729474,16.359883159729474,141.38436536803152,36.774193548387096
121,PHE,FALSE,13.473511086572797,13.473511086572797,17.183593247712665,27.096774193548388
122,LEU,FALSE,16.275231580533656,16.275231580533656,5.491928495861188,36.344086021505376
123,SER,FALSE,19.858259012310217,19.858259012310217,54.78380945883528,46.45161290322581
124,THR,FALSE,22.8568930084559,22.8568930084559,96.62569225166031,54.40860215053763
125,GLY,FALSE,23.799010357575796,23.799010357575796,48.473352920684405,57.8494623655914
126,SER,FALSE,20.810483559975243,20.810483559975243,8.445101688390736,48.17204301075269
127,LYS,FALSE,20.96647445327898,20.96647445327898,21.113112013268974,49.24731182795699
128,LEU,FALSE,24.673049284593912,24.673049284593912,55.453429887649364,60.86021505376344
129,GLN,FALSE,24.39683624980912,24.39683624980912,58.20976059739186,60.43010752688172
130,MSE,FALSE,21.949470836446153,21.949470836446153,3.321169749683577,51.82795698924731
131,LEU,FALSE,24.054593324352837,24.054593324352837,5.420540059622141,59.56989247311828
132,LEU,FALSE,27.16665146829841,27.16665146829841,32.13432979331371,67.52688172043011
133,GLU,FALSE,25.840813164449763,25.840813164449763,0.8208999569786499,63.655913978494624
134,PRO,FALSE,27.896119389621205,27.896119389621205,11.04460206472298,69.6774193548387
135,ILE,FALSE,30.999307637429585,30.999307637429585,51.418054343685526,78.49462365591398
136,LEU,FALSE,30.376539977423363,30.376539977423363,106.05503826563945,76.12903225806451
137,TRP,FALSE,29.433328133257373,29.433328133257373,104.51168944032308,73.33333333333333
148,SER,FALSE,29.623385593142455,29.623385593142455,109.00180892106415,73.76344086021506
149,HIS,FALSE,26.93274588674538,26.93274588674538,119.70692148293324,66.45161290322581
150,GLU,FALSE,24.494787241370357,24.494787241370357,46.126239730779176,60.645161290322584
151,SER,FALSE,20.93517367971902,20.93517367971902,27.704371398184378,48.60215053763441
152,VAL,FALSE,18.015497911520516,18.015497911520516,-1.1368683772161603e-13,42.365591397849464
153,SER,FALSE,17.432360999015593,17.432360999015593,16.54561204209027,39.56989247311828
154,GLY,FALSE,21.12025776357855,21.12025776357855,22.246828843500353,49.46236559139785
155,PHE,FALSE,21.57154509996908,21.57154509996908,1.4210854715202004e-14,50.96774193548387
156,PHE,FALSE,18.852584013869293,18.852584013869293,1.0248460415256915,43.87096774193548
157,GLN,FALSE,19.825069835942568,19.825069835942568,69.1485466146274,46.236559139784944
158,ARG,FALSE,23.453263418978604,23.453263418978604,103.93625930824999,56.344086021505376
159,HIS,FALSE,22.822518309774665,22.822518309774665,1.7945766347964565,53.97849462365591
160,PHE,FALSE,20.368840320450257,20.368840320450257,1.1998163826504396,47.526881720430104
161,GLY,FALSE,19.911778448948247,19.911778448948247,7.734406358482232,46.666666666666664
162,LYS,FALSE,17.67316315773721,17.67316315773721,103.43538746584524,41.505376344086024
163,GLU,FALSE,15.496262968858007,15.496262968858007,29.255395583315533,34.623655913978496
164,VAL,FALSE,14.580417895245661,14.580417895245661,3.702342584683919,31.182795698924732
165,VAL,FALSE,13.907081685242238,13.907081685242238,9.08172523095621,28.817204301075268
166,ASP,FALSE,11.847661119393988,11.847661119393988,25.377649347462807,20.43010752688172
167,TYR,FALSE,9.55943832031987,9.55943832031987,8.038751850612144,12.258064516129032
168,LEU,FALSE,9.99137673196242,9.99137673196242,2.135158844967407,13.763440860215054
169,ILE,FALSE,11.19111960440062,11.19111960440062,0.08976094995625772,18.49462365591398
170,ASP,FALSE,9.456996140424296,9.456996140424296,8.157900061723197,11.827956989247312
171,PRO,FALSE,5.768590815788548,5.768590815788548,-1.1368683772161603e-13,4.516129032258065
172,PHE,FALSE,8.003092902122281,8.003092902122281,31.087263638202543,7.741935483870968
173,VAL,FALSE,9.907029726411444,9.907029726411444,-1.1368683772161603e-13,13.118279569892474
174,ALA,FALSE,7.471043969888011,7.471043969888011,0.0272266435549966,7.526881720430108
175,GLY,FALSE,6.647934265619664,6.647934265619664,9.612134263232079,6.881720430107527
176,THR,FALSE,10.420109452400204,10.420109452400204,24.507231002031034,15.053763440860216
177,CYS,FALSE,10.494437764835238,10.494437764835238,1.9025327777881245,15.698924731182796
178,GLY,FALSE,8.37135287752225,8.37135287752225,0.5299270758770547,8.172043010752688
179,GLY,FALSE,11.929668352473175,11.929668352473175,4.391025472064882,21.29032258064516
180,ASP,FALSE,13.319503218964288,13.319503218964288,39.54493272511226,25.806451612903224
181,PRO,FALSE,14.501441066321654,14.501441066321654,2.3639387177635456,30.752688172043012
182,ASP,FALSE,17.636800191644742,17.636800191644742,95.93040832746367,41.075268817204304
183,SER,FALSE,18.844190112605,18.844190112605,49.82044612448361,43.655913978494624
184,LEU,FALSE,18.62970447967439,18.62970447967439,4.373756052593947,43.225806451612904
185,SER,FALSE,21.611587493749738,21.611587493749738,1.3677173276487338,51.39784946236559
186,MSE,FALSE,20.936750965706214,20.936750965706214,-1.1368683772161603e-13,48.81720430107527
187,HIS,FALSE,23.86903661650382,23.86903661650382,74.78449798736563,58.494623655913976
188,HIS,FALSE,22.791740302135775,22.791740302135775,19.420740983423073,53.54838709677419
189,SER,FALSE,19.063976342830475,19.063976342830475,11.947684273342816,44.516129032258064
190,PHE,FALSE,19.669384179480556,19.669384179480556,10.947566295531132,45.59139784946237
191,PRO,FALSE,23.318714308469065,23.318714308469065,61.61140812986568,55.483870967741936
192,GLU,FALSE,23.123902114478863,23.123902114478863,69.87750146228714,54.83870967741935
193,LEU,FALSE,22.82304648814439,22.82304648814439,13.074497560776962,54.193548387096776
194,TRP,FALSE,24.839484253905113,24.839484253905113,53.90803431311895,61.29032258064516
195,ASN,FALSE,27.76173685128508,27.76173685128508,84.95300869401771,69.24731182795699
196,LEU,FALSE,27.22282121676591,27.22282121676591,31.0748815952971,67.95698924731182
197,GLU,FALSE,27.731148768127152,27.731148768127152,41.67291385810343,69.03225806451613
198,LYS,FALSE,30.737971387194698,30.737971387194698,170.95747374530418,77.20430107526882
199,ARG,FALSE,32.26222307901301,32.26222307901301,71.40658567653782,80.21505376344086
200,PHE,FALSE,30.68499382434352,30.68499382434352,92.63582303965283,76.7741935483871
201,GLY,FALSE,30.21280427236108,30.21280427236108,18.195513607818867,75.48387096774194
202,SER,FALSE,27.33701704648845,27.33701704648845,1.1223864233762129,68.17204301075269
203,VAL,FALSE,23.86156350702946,23.86156350702946,1.8377046111145319,58.27956989247312
204,ILE,FALSE,22.764767954011745,22.764767954011745,4.996190806713571,53.333333333333336
205,LEU,FALSE,25.979158531407442,25.979158531407442,14.398702842333151,64.3010752688172
206,GLY,FALSE,25.870063335832793,25.870063335832793,0.01683143905063389,63.87096774193548
207,ALA,FALSE,22.394825830981585,22.394825830981585,19.050752603603698,52.473118279569896
208,ILE,FALSE,23.70574723563887,23.70574723563887,20.305123674853164,57.41935483870968
209,ARG,FALSE,27.03648405395938,27.03648405395938,73.47986443681431,67.09677419354838
210,SER,FALSE,25.7329791512759,25.7329791512759,66.2050738181559,63.44086021505376
211,LYS,FALSE,22.70669341846144,22.70669341846144,95.86586813069438,53.11827956989247
212,LEU,FALSE,24.28890884745546,24.28890884745546,41.08034530752583,60.0
213,SER,FALSE,28.037612344848483,28.037612344848483,112.85196326993555,70.53763440860214
224,LYS,FALSE,30.728126626919515,30.728126626919515,116.66641833152019,76.98924731182795
225,THR,FALSE,30.89291061068866,30.89291061068866,112.78713729212046,77.84946236559139
226,SER,FALSE,29.963239110616865,29.963239110616865,67.22406046312393,74.83870967741936
227,ALA,FALSE,29.276215824453818,29.276215824453818,71.73901978085355,72.90322580645162
228,ASN,FALSE,26.042944341990214,26.042944341990214,49.43396021242677,64.51612903225806
229,LYS,FALSE,25.48335774579166,25.48335774579166,85.2031456713183,63.01075268817204
230,LYS,FALSE,22.005986185581417,22.005986185581417,97.61108065501183,52.043010752688176
231,ARG,FALSE,21.25562469089064,21.25562469089064,72.22009541317941,49.67741935483871
232,GLN,FALSE,17.599475958107387,17.599475958107387,59.788088235641226,40.43010752688172
233,ARG,FALSE,16.73121361408072,16.73121361408072,82.44707959475096,38.27956989247312
234,GLY,FALSE,13.300740919211982,13.300740919211982,46.74349867344412,25.591397849462364
235,SER,FALSE,13.080992202428682,13.080992202428682,26.64511036356639,24.946236559139784
236,PHE,FALSE,13.207469931822672,13.207469931822672,1.3087664432024297,25.376344086021504
237,SER,FALSE,13.383806110370847,13.383806110370847,-5.684341886080802e-14,26.236559139784948
238,PHE,FALSE,16.089667678358058,16.089667678358058,1.4210854715202004e-14,35.913978494623656
239,LEU,FALSE,16.862371689652672,16.862371689652672,47.1336378047104,38.70967741935484
240,GLY,FALSE,16.440000760340613,16.440000760340613,27.37652935255774,37.204301075268816
241,GLY,FALSE,14.023449682585237,14.023449682585237,0.07841214166424493,29.247311827956988
242,MSE,FALSE,14.60389817822625,14.60389817822625,-1.1368683772161603e-13,31.397849462365592
243,GLN,FALSE,17.643064954820066,17.643064954820066,18.842464638050544,41.29032258064516
244,THR,FALSE,19.494956424675586,19.494956424675586,23.331661688430373,45.16129032258065
245,LEU,FALSE,20.514704994223045,20.514704994223045,0.49465897791259295,47.956989247311824
246,THR,FALSE,22.02325255269984,22.02325255269984,0.07933023939514783,52.25806451612903
247,ASP,FALSE,23.82655902559159,23.82655902559159,45.69995577587119,58.064516129032256
248,ALA,FALSE,25.43942904233505,25.43942904233505,15.763915428744454,62.795698924731184
249,ILE,FALSE,27.04629133541233,27.04629133541233,0.07635203076391406,67.31182795698925
250,CYS,FALSE,28.20071974258813,28.20071974258813,13.531399516934258,70.96774193548387
251,LYS,FALSE,30.039030493676055,30.039030493676055,151.77839901781192,75.05376344086021
252,ASP,FALSE,32.38497449435463,32.38497449435463,30.421146304444008,80.43010752688173
253,LEU,FALSE,33.02310082351444,33.02310082351444,19.413742181689642,81.0752688172043
254,ARG,FALSE,35.38186028178846,35.38186028178846,129.1282298060126,85.59139784946237
255,GLU,FALSE,34.541159216216236,34.541159216216236,167.99308091859055,83.87096774193549
256,ASP,FALSE,36.22608249590342,36.22608249590342,88.2523739897358,87.31182795698925
257,GLU,FALSE,34.14246205240624,34.14246205240624,1.6538395571218842,83.01075268817205
258,LEU,FALSE,30.777880953697903,30.777880953697903,26.776636042269146,77.41935483870968
259,ARG,FALSE,30.918590685864064,30.918590685864064,64.66691643241454,78.06451612903226
260,LEU,FALSE,27.944603217795027,27.944603217795027,65.2338793773737,70.10752688172043
261,ASN,FALSE,27.633671724908364,27.633671724908364,81.47482295803518,68.81720430107526
262,SER,FALSE,29.947419304507694,29.947419304507694,6.274132915811521,74.6236559139785
263,ARG,FALSE,28.262023459051903,28.262023459051903,88.69966426347992,71.39784946236558
264,VAL,FALSE,30.35859319863159,30.35859319863159,1.740022143334798,75.91397849462365
265,LEU,FALSE,31.893924437108712,31.893924437108712,70.69359630025899,79.78494623655914
266,GLU,FALSE,34.65536446208581,34.65536446208581,17.40703761632402,84.3010752688172
267,LEU,FALSE,36.126893057665505,36.126893057665505,1.151281649804261,87.09677419354838
268,SER,FALSE,39.81056279431377,39.81056279431377,40.40513455399973,92.47311827956989
269,CYS,FALSE,41.757059546859864,41.757059546859864,6.876163446134385,95.26881720430107
270,SER,FALSE,45.55301599235774,45.55301599235774,65.053699086548,97.20430107526882
271,CYS,FALSE,47.75931195065524,47.75931195065524,76.21731565097124,98.49462365591398
272,THR,FALSE,51.542904400120875,51.542904400120875,92.17737982322829,99.13978494623656
273,GLU,FALSE,53.71980588200222,53.71980588200222,103.27357401241935,99.78494623655914
274,ASP,FALSE,54.99455821260864,54.99455821260864,102.19404186273906,100.0
275,SER,FALSE,52.561731992011076,52.561731992011076,98.3809388586963,99.56989247311827
276,ALA,FALSE,50.32579217458976,50.32579217458976,78.91978155902393,98.9247311827957
277,ILE,FALSE,46.53824785055836,46.53824785055836,41.66651243578785,98.06451612903226
278,ASP,FALSE,45.12475676388738,45.12475676388738,15.374245343664711,96.7741935483871
279,SER,FALSE,43.76816545161563,43.76816545161563,44.047029709791175,96.34408602150538
280,TRP,FALSE,40.3756604899536,40.3756604899536,0.3758375566058021,93.97849462365592
281,SER,FALSE,39.70501799521063,39.70501799521063,17.559054180451795,92.04301075268818
282,ILE,FALSE,36.514253367691914,36.514253367691914,1.840740447136426,88.38709677419355
283,ILE,FALSE,36.231166624882505,36.231166624882505,42.352741015331546,87.52688172043011
284,SER,FALSE,33.34547026209108,33.34547026209108,1.932789861318085,81.93548387096774
285,ALA,FALSE,33.03798966341627,33.03798966341627,28.1944449669425,81.50537634408602
286,SER,FALSE,33.03289295535588,33.03289295535588,50.01707231186364,81.29032258064517
287,PRO,FALSE,36.08591992730683,36.08591992730683,37.000093935736956,86.88172043010752
288,HIS,FALSE,36.467931405551376,36.467931405551376,83.0184571536723,87.95698924731182
289,LYS,FALSE,35.44738214593569,35.44738214593569,90.80179168051828,85.80645161290323
290,ARG,FALSE,35.34029431116838,35.34029431116838,111.31182728842484,85.3763440860215
291,GLN,FALSE,37.48913109155773,37.48913109155773,36.59368273399815,89.46236559139786
292,SER,FALSE,37.71150081871577,37.71150081871577,74.03240049559105,89.6774193548387
293,GLU,FALSE,39.246558689903,39.246558689903,60.61557612616771,90.96774193548387
294,GLU,FALSE,39.74760270758477,39.74760270758477,100.35515252470407,92.25806451612904
295,GLU,FALSE,40.36681495981569,40.36681495981569,46.2317722686973,93.76344086021506
296,SER,FALSE,41.75133074525889,41.75133074525889,44.788132625363545,95.05376344086021
297,PHE,FALSE,40.331886814281326,40.331886814281326,3.2923466249840203,93.54838709677419
298,ASP,FALSE,41.294155191745965,41.294155191745965,30.135349748134175,94.40860215053763
299,ALA,FALSE,38.00640089511239,38.00640089511239,-5.684341886080802e-14,89.89247311827957
300,VAL,FALSE,34.50057143005026,34.50057143005026,-1.1368683772161603e-13,83.65591397849462
301,ILE,FALSE,31.223671613056656,31.223671613056656,0.004010584102672965,78.9247311827957
302,MSE,FALSE,28.6237976690725,28.6237976690725,2.245359490946214,72.47311827956989
303,THR,FALSE,25.045956100736102,25.045956100736102,1.6264842088874474,62.1505376344086
304,ALA,FALSE,23.244240168265346,23.244240168265346,-5.684341886080802e-14,55.26881720430107
305,PRO,FALSE,21.272221181625582,21.272221181625582,21.430405195429884,49.89247311827957
306,LEU,FALSE,23.66854541369199,23.66854541369199,7.251109097491096,56.774193548387096
307,CYS,FALSE,22.80469719158753,22.80469719158753,32.826626074676454,53.763440860215056
308,ASP,FALSE,24.113173888976128,24.113173888976128,31.37918617474736,59.784946236559136
309,VAL,FALSE,27.19044041570493,27.19044041570493,1.8243778800771793,67.74193548387096
310,LYS,FALSE,28.227123232805717,28.227123232805717,120.51446247636534,71.18279569892474
311,SER,FALSE,28.479752263669713,28.479752263669713,65.92007003139761,71.82795698924731
312,MSE,FALSE,30.861598046763557,30.861598046763557,7.511584375448265,77.63440860215054
313,LYS,FALSE,34.594990287612454,34.594990287612454,175.06474359031017,84.08602150537635
314,ILE,FALSE,35.97108266371753,35.97108266371753,9.364329568654185,86.45161290322581
315,ALA,FALSE,39.67621071876698,39.67621071876698,24.22891404501287,91.82795698924731
316,LYS,FALSE,42.012680335822424,42.012680335822424,71.7376865045097,95.6989247311828
317,ARG,FALSE,45.68993370535791,45.68993370535791,197.9899098931155,97.41935483870968
318,GLY,FALSE,46.32429453321443,46.32429453321443,51.59364536970598,97.84946236559139
319,ASN,FALSE,44.798431825232456,44.798431825232456,79.42635574690692,96.55913978494624
320,PRO,FALSE,41.037830997751335,41.037830997751335,86.92995128963044,94.19354838709677
321,PHE,FALSE,38.969673195960986,38.969673195960986,14.554711298807717,90.75268817204301
322,LEU,FALSE,37.043612431834994,37.043612431834994,126.5800015764749,89.03225806451613
323,LEU,FALSE,33.56134319421677,33.56134319421677,16.182922988356424,82.58064516129032
324,ASN,FALSE,33.96353270789127,33.96353270789127,101.01286204464864,82.79569892473118
325,PHE,FALSE,33.55497212038777,33.55497212038777,48.21973606107787,82.36559139784946
326,ILE,FALSE,29.899150222038088,29.899150222038088,34.57563392622795,74.40860215053763
327,PRO,FALSE,28.005157042944788,28.005157042944788,29.179900870688456,70.3225806451613
328,GLU,FALSE,25.189903532963363,25.189903532963363,129.65350913549474,62.365591397849464
329,VAL,FALSE,21.936941309125118,21.936941309125118,11.282014527524368,51.61290322580645
330,ASP,FALSE,18.88116156384453,18.88116156384453,48.13575634916806,44.086021505376344
331,TYR,FALSE,15.274777150583905,15.274777150583905,14.797853145730798,34.193548387096776
332,VAL,FALSE,11.733149705002493,11.733149705002493,-1.1368683772161603e-13,20.21505376344086
333,PRO,FALSE,10.305000194080545,10.305000194080545,8.091644282540358,14.623655913978494
334,LEU,FALSE,6.7628603416010336,6.7628603416010336,-1.4210854715202004e-13,7.096774193548387
335,SER,FALSE,5.912937087438019,5.912937087438019,-5.684341886080802e-14,5.161290322580645
336,VAL,FALSE,4.7754009255768235,4.7754009255768235,0.6059022555619862,3.225806451612903
337,VAL,FALSE,6.079977878249229,6.079977878249229,0.040081577895932696,5.591397849462366
338,ILE,FALSE,8.822631013478913,8.822631013478913,0.2303005241043934,10.10752688172043
339,THR,FALSE,10.873789082008164,10.873789082008164,-8.526512829121202e-14,17.204301075268816
340,THR,FALSE,11.919380269124733,11.919380269124733,5.409740361974286,20.86021505376344
341,PHE,FALSE,13.57768028788423,13.57768028788423,1.9856845380539596,27.741935483870968
342,LYS,FALSE,16.269608507889792,16.269608507889792,99.13084919906748,36.12903225806452
343,ARG,FALSE,15.602462401813376,15.602462401813376,92.07585397678888,35.053763440860216
344,GLU,FALSE,18.91203645829819,18.91203645829819,163.26851760286635,44.30107526881721
345,ASN,FALSE,17.635011794722455,17.635011794722455,51.8564533832528,40.86021505376344
346,VAL,FALSE,14.712330508794317,14.712330508794317,7.408848945348083,32.043010752688176
347,LYS,FALSE,17.01416251244827,17.01416251244827,87.14548542967012,39.13978494623656
348,TYR,FALSE,15.064587249573083,15.064587249573083,136.20439671361262,33.54838709677419
349,PRO,FALSE,12.23477016539338,12.23477016539338,59.376092376549735,23.010752688172044
350,LEU,FALSE,9.400414671704644,9.400414671704644,41.83834962545012,11.612903225806452
351,GLU,FALSE,8.610822608787155,8.610822608787155,88.9856511730552,9.24731182795699
352,GLY,FALSE,5.946892129507646,5.946892129507646,-2.842170943040401e-14,5.376344086021505
353,PHE,FALSE,5.736273703372247,5.736273703372247,22.22926764690395,4.301075268817204
354,GLY,FALSE,4.373733073702601,4.373733073702601,-2.842170943040401e-14,3.010752688172043
355,VAL,FALSE,3.800111314159102,3.800111314159102,1.0232976976836596,1.5053763440860215
356,LEU,TRUE,0.0,7.637760470190198,-1.4210854715202004e-13,0.8602150537634409
357,VAL,FALSE,3.8091811456007174,3.8091811456007174,0.0097291307383216,2.3655913978494625
358,PRO,FALSE,6.4373010648873645,6.4373010648873645,0.007208829975724029,6.021505376344086
359,SER,FALSE,9.381396324641656,9.381396324641656,28.9710160084002,11.397849462365592
360,LYS,FALSE,11.408641154843986,11.408641154843986,43.60013637936946,19.35483870967742
361,GLU,FALSE,10.051500833208939,10.051500833208939,0.16062004112293948,14.193548387096774
362,GLN,FALSE,12.145147179017634,12.145147179017634,68.47098791210712,22.580645161290324
363,GLN,FALSE,15.015972362787565,15.015972362787565,112.1195873197578,33.11827956989247
364,HIS,FALSE,13.87127769889998,13.87127769889998,49.57486624571702,28.172043010752688
365,GLY,FALSE,13.929476838704314,13.929476838704314,49.98438612322161,29.032258064516128
366,LEU,FALSE,10.39402419662375,10.39402419662375,0.5257370655184133,14.838709677419354
367,LYS,FALSE,9.936832694576276,9.936832694576276,27.8469493810115,13.548387096774194
368,THR,FALSE,6.25365565089732,6.25365565089732,0.20116178147968355,5.806451612903226
369,LEU,FALSE,5.499617623071627,5.499617623071627,0.008824542785362155,3.870967741935484
370,GLY,FALSE,4.199617125405603,4.199617125405603,0.004272759381393598,2.795698924731183
371,THR,FALSE,3.7994948348431796,3.7994948348431796,1.350057826727479,1.2903225806451613
372,LEU,TRUE,0.0,8.636679222942112,10.430370789723,0.8602150537634409
373,PHE,FALSE,3.8165578732674774,3.8165578732674774,0.8086960371956593,2.5806451612903225
374,SER,FALSE,5.523368990027732,5.523368990027732,5.440656100458597,4.086021505376344
375,SER,FALSE,8.955204631944486,8.955204631944486,2.632480648351276,10.75268817204301
376,MSE,FALSE,8.892396639826634,8.892396639826634,29.56244550069559,10.53763440860215
377,MSE,FALSE,8.548411489861726,8.548411489861726,13.05556129984867,9.03225806451613
378,PHE,FALSE,10.798769605839361,10.798769605839361,8.444313704691126,16.989247311827956
379,PRO,FALSE,12.762861943937182,12.762861943937182,73.90100436730286,23.655913978494624
380,ASP,FALSE,15.05550935704269,15.05550935704269,77.81651981040544,33.333333333333336
381,ARG,FALSE,12.778551326343685,12.778551326343685,3.330601290250115,23.870967741935484
382,ALA,FALSE,13.897915707040388,13.897915707040388,10.95995718317944,28.602150537634408
383,PRO,FALSE,16.700380504647192,16.700380504647192,42.35948226674007,38.064516129032256
384,ASN,FALSE,16.796562892449156,16.796562892449156,110.68595600900845,38.494623655913976
385,ASN,FALSE,17.571155055943247,17.571155055943247,62.69329512905469,40.215053763440864
386,VAL,FALSE,14.390618680237484,14.390618680237484,9.825907837455674,30.537634408602152
387,TYR,FALSE,10.60367794682581,10.60367794682581,24.46353936960365,16.774193548387096
388,LEU,FALSE,8.539263785596505,8.539263785596505,0.15900504621477296,8.817204301075268
389,TYR,FALSE,5.771423048087881,5.771423048087881,0.8517574319995731,4.731182795698925
390,THR,FALSE,5.045539614352464,5.045539614352464,1.1171077657715074,3.4408602150537635
391,THR,FALSE,3.8061987599178213,3.8061987599178213,0.32068866765689563,2.150537634408602
392,PHE,TRUE,0.0,8.636679222942112,0.22860354499843538,0.8602150537634409
393,VAL,FALSE,3.8003669559662296,3.8003669559662296,-1.1368683772161603e-13,1.7204301075268817
394,GLY,FALSE,6.97710219217119,6.97710219217119,0.03002894742454032,7.311827956989247
395,GLY,FALSE,8.258615683030662,8.258615683030662,-2.842170943040401e-14,7.956989247311828
396,SER,FALSE,11.90705047440381,11.90705047440381,13.252442685378156,20.64516129032258
397,ARG,FALSE,12.094616571020351,12.094616571020351,39.55930551451925,22.365591397849464
398,ASN,FALSE,11.575571432979023,11.575571432979023,43.17975072285583,19.78494623655914
399,ARG,FALSE,12.007194926376435,12.007194926376435,78.35655982833931,21.72043010752688
400,GLU,FALSE,13.470367218454,13.470367218454,126.31936014962544,26.881720430107528
401,LEU,FALSE,10.438054081101516,10.438054081101516,22.033721127605617,15.268817204301076
402,ALA,FALSE,8.731659922374444,8.731659922374444,0.4794227600835228,9.89247311827957
403,LYS,FALSE,12.063147433402282,12.063147433402282,115.21828102700684,22.150537634408604
404,ALA,FALSE,12.433770224674415,12.433770224674415,18.80692805184296,23.225806451612904
405,SER,FALSE,14.274645039369634,14.274645039369634,58.11774947327923,29.892473118279568
406,ARG,FALSE,12.94226691889794,12.94226691889794,101.96666593010694,24.516129032258064
407,THR,FALSE,14.949361491381497,14.949361491381497,95.79240224584484,32.68817204301075
408,GLU,FALSE,13.623980108617307,13.623980108617307,103.12976005751685,27.956989247311828
409,LEU,FALSE,10.017613039042786,10.017613039042786,0.29604459843642417,13.978494623655914
410,LYS,FALSE,11.631730825633817,11.631730825633817,57.74917713810014,20.0
411,GLU,FALSE,13.142108240309087,13.142108240309087,86.85481573824697,25.161290322580644
412,ILE,FALSE,10.466926482974836,10.466926482974836,40.2649478700033,15.483870967741936
413,VAL,FALSE,8.620736859456967,8.620736859456967,0.19571213111733243,9.46236559139785
414,THR,FALSE,12.19703623836545,12.19703623836545,13.555028920584107,22.795698924731184
415,SER,FALSE,13.333140102766487,13.333140102766487,58.71164788896921,26.021505376344088
416,ASP,FALSE,11.2662681043902,11.2662681043902,1.1872716494606266,18.9247311827957
417,LEU,FALSE,11.070055871584389,11.070055871584389,0.9056212525973706,18.27956989247312
418,LYS,FALSE,14.619685153928588,14.619685153928588,98.36970877018959,31.612903225806452
419,GLN,FALSE,13.437666947800125,13.437666947800125,54.65778135637085,26.451612903225808
420,LEU,FALSE,10.526216699270448,10.526216699270448,7.2362426150844215,16.129032258064516
421,LEU,FALSE,11.926759367070334,11.926759367070334,0.9723916965380397,21.0752688172043
422,GLY,FALSE,15.266850428297253,15.266850428297253,5.991166634774558,33.97849462365591
423,ALA,FALSE,14.302081876426241,14.302081876426241,0.7235963031520214,30.322580645161292
424,GLU,FALSE,17.808125813796355,17.808125813796355,78.05675975356499,41.72043010752688
425,GLY,FALSE,19.08855376920944,19.08855376920944,50.00786892396265,44.73118279569893
426,GLU,FALSE,17.624125765552172,17.624125765552172,94.63912103254596,40.645161290322584
427,PRO,FALSE,14.992645330294447,14.992645330294447,-1.1368683772161603e-13,32.903225806451616
428,THR,FALSE,17.257845578171107,17.257845578171107,83.90486767654951,39.354838709677416
429,TYR,FALSE,15.97297912100307,15.97297912100307,53.915809756750846,35.483870967741936
430,VAL,FALSE,13.050121033921487,13.050121033921487,22.666414331642017,24.731182795698924
431,ASN,FALSE,11.999926249773369,11.999926249773369,22.573396863902786,21.50537634408602
432,HIS,FALSE,9.471238620159458,9.471238620159458,34.80930539406269,12.043010752688172
433,LEU,FALSE,9.924813600264743,9.924813600264743,47.08900289999511,13.333333333333334
434,TYR,FALSE,9.871022084870443,9.871022084870443,68.4030087237461,12.688172043010752
435,TRP,FALSE,10.580513267323093,10.580513267323093,28.262936736267093,16.559139784946236
436,SER,FALSE,12.870344750627314,12.870344750627314,25.9266164433204,24.301075268817204
437,LYS,FALSE,13.56039597504439,13.56039597504439,64.2635589569757,27.526881720430108
438,ALA,FALSE,10.924048745771875,10.924048745771875,4.070596935927725,17.634408602150536
439,PHE,FALSE,12.795835807011596,12.795835807011596,1.2433853022580053,24.086021505376344
440,PRO,FALSE,16.370121502298023,16.370121502298023,5.778066030745578,36.98924731182796
441,LEU,FALSE,16.937622796602835,16.937622796602835,8.615827163521402,38.924731182795696
442,TYR,FALSE,19.82471200295228,19.82471200295228,12.308291676329517,46.02150537634409
443,GLY,FALSE,21.412960234400103,21.412960234400103,3.128250850149641,50.53763440860215
444,HIS,FALSE,24.969418996043945,24.969418996043945,60.774634725275774,61.505376344086024
445,ASN,FALSE,26.929608129343436,26.929608129343436,60.64181366710707,66.23655913978494
446,TYR,FALSE,25.232732590823375,25.232732590823375,2.471545808236314,62.58064516129032
447,ASP,FALSE,28.581769679290332,28.581769679290332,47.67770207054551,72.04301075268818
448,SER,FALSE,30.071565123884056,30.071565123884056,45.631977622204445,75.26881720430107
449,VAL,FALSE,27.51170679910645,27.51170679910645,0.039383701728098686,68.38709677419355
450,LEU,FALSE,28.593282934983176,28.593282934983176,54.52812823395068,72.25806451612904
451,ASP,FALSE,32.190856403643565,32.190856403643565,85.73147573026174,80.0
452,ALA,FALSE,31.765406938995763,31.765406938995763,5.344630678784114,79.56989247311827
453,ILE,FALSE,30.313176425442453,30.313176425442453,4.898314498978337,75.6989247311828
454,ASP,FALSE,33.45310239723665,33.45310239723665,32.3447280453335,82.15053763440861
455,LYS,FALSE,35.79516545568689,35.79516545568689,103.20584521563087,86.02150537634408
456,MSE,FALSE,34.73644692538372,34.73644692538372,13.987360071324765,84.51612903225806
457,GLU,FALSE,35.200976932465956,35.200976932465956,26.77469372325737,84.73118279569893
458,LYS,FALSE,38.58210266431834,38.58210266431834,158.2708210461003,90.10752688172043
459,ASN,FALSE,39.972291615567904,39.972291615567904,59.90604337541181,92.68817204301075
460,LEU,FALSE,38.94778621436654,38.94778621436654,2.3813535594958637,90.53763440860214
461,PRO,FALSE,40.251743192065604,40.251743192065604,71.19921658702974,93.33333333333333
462,GLY,FALSE,38.67223760011826,38.67223760011826,3.114974378015802,90.3225806451613
463,LEU,FALSE,35.27120998775063,35.27120998775063,3.458453882147012,85.16129032258064
464,PHE,FALSE,32.71331236668033,32.71331236668033,28.917004003856448,80.64516129032258
465,TYR,FALSE,29.152491351512314,29.152491351512314,15.270437004655903,72.68817204301075
466,ALA,FALSE,26.585221044783513,26.585221044783513,0.9782974481783242,65.59139784946237
467,GLY,FALSE,23.12706730218944,23.12706730218944,1.3041573930426722,55.053763440860216
468,ASN,FALSE,20.417681308121157,20.417681308121157,13.236077124306433,47.74193548387097
469,HIS,FALSE,21.31669875942333,21.31669875942333,1.0010141596527546,50.10752688172043
470,ARG,FALSE,24.03363305869506,24.03363305869506,68.5317156590736,59.354838709677416
471,GLY,FALSE,23.729881120646183,23.729881120646183,37.93886533273235,57.634408602150536
472,GLY,FALSE,20.15308415602932,20.15308415602932,1.60495284514586,47.096774193548384
473,LEU,FALSE,16.58818573563728,16.58818573563728,9.689519621459695,37.634408602150536
474,SER,FALSE,16.341172234573627,16.341172234573627,22.833226837839987,36.55913978494624
475,VAL,FALSE,17.544411674376548,17.544411674376548,0.04005306975165013,39.784946236559136
476,GLY,FALSE,19.61804409211071,19.61804409211071,5.882701496632407,45.376344086021504
477,LYS,FALSE,21.600983611863608,21.600983611863608,71.9451018860823,51.18279569892473
478,ALA,FALSE,21.42317553492012,21.42317553492012,0.8795104164134528,50.75268817204301
479,LEU,FALSE,23.403472584212796,23.403472584212796,0.8976118030597036,55.913978494623656
480,SER,FALSE,25.937175385920497,25.937175385920497,18.690122273090296,64.08602150537635
481,SER,FALSE,26.29201388254616,26.29201388254616,16.48250543738085,65.16129032258064
482,GLY,FALSE,26.989959559065664,26.989959559065664,0.008236864239165698,66.88172043010752
483,CYS,FALSE,29.748091132037363,29.748091132037363,2.1053559115287186,73.97849462365592
484,ASN,FALSE,31.120003823907222,31.120003823907222,85.3590006267534,78.70967741935483
485,ALA,FALSE,31.348917333777255,31.348917333777255,3.605067281268518,79.13978494623656
486,ALA,FALSE,33.277904546410376,33.277904546410376,-5.684341886080802e-14,81.72043010752688
487,ASP,FALSE,36.008392382887635,36.008392382887635,43.42201287980431,86.66666666666667
488,LEU,FALSE,36.2482817661748,36.2482817661748,79.56588716211837,87.74193548387096
489,VAL,FALSE,37.086932321236816,37.086932321236816,-1.1368683772161603e-13,89.24731182795699
490,ILE,FALSE,39.453878161721946,39.453878161721946,8.320374875916798,91.61290322580645
491,SER,FALSE,41.595551168364146,41.595551168364146,66.46837793377918,94.83870967741936
492,TYR,FALSE,41.86146803445862,41.86146803445862,44.62067497683495,95.48387096774194
493,LEU,FALSE,43.099227765703645,43.099227765703645,5.923879690037168,95.91397849462365
494,GLU,FALSE,45.55019544414711,45.55019544414711,101.76208764924466,96.98924731182795
495,SER,FALSE,46.659291154067056,46.659291154067056,79.23546677225673,98.27956989247312
496,VAL,FALSE,48.88018039042001,48.88018039042001,79.00217261521921,98.70967741935483
497,SER,FALSE,52.24629438534374,52.24629438534374,151.50916165053525,99.35483870967742
